id,family,expected,classification,differences
000-legitimate,legitimate,"{""changes"": [{""pathBytesBase64"": ""c3JjL2NsYW1wLnRz"", ""path"": ""src/clamp.ts"", ""types"": [""MODIFY""], ""old"": {""pathBytesBase64"": ""c3JjL2NsYW1wLnRz"", ""path"": ""src/clamp.ts"", ""mode"": ""100644"", ""kind"": ""blob"", ""oid"": ""5c4cb45c09ef842e5dc32c3fca523f274a4767d5""}, ""new"": {""pathBytesBase64"": ""c3JjL2NsYW1wLnRz"", ""path"": ""src/clamp.ts"", ""mode"": ""100644"", ""kind"": ""blob"", ""oid"": ""d21394ab499dbb3bf1e189d35445bf6c1beb3d92""}}], ""gate"": {""outcome"": ""PASS"", ""code"": null}, ""verify"": {""outcome"": ""PASS"", ""code"": null}}",NEEDS_PROFILE_AND_LAYER_ADAPTER; NOT_DIRECT_PRODUCTION_INPUT,"[""Branch lacks required task/nonce form"", ""Format1 commands use reference npm registry"", ""Policy/attestation/inventory schemas require explicit translation"", ""Repo contains no production manifest/policy/taskindex; local layer only"", ""Reference fixture includes merge HEAD; production requires all new commits single parent""]"
001-scope,scope,"{""changes"": [{""pathBytesBase64"": ""c3JjL2NsYW1wLnRz"", ""path"": ""src/clamp.ts"", ""types"": [""MODIFY""], ""old"": {""pathBytesBase64"": ""c3JjL2NsYW1wLnRz"", ""path"": ""src/clamp.ts"", ""mode"": ""100644"", ""kind"": ""blob"", ""oid"": ""5c4cb45c09ef842e5dc32c3fca523f274a4767d5""}, ""new"": {""pathBytesBase64"": ""c3JjL2NsYW1wLnRz"", ""path"": ""src/clamp.ts"", ""mode"": ""100644"", ""kind"": ""blob"", ""oid"": ""d21394ab499dbb3bf1e189d35445bf6c1beb3d92""}}, {""pathBytesBase64"": ""c3JjL290aGVyLnRz"", ""path"": ""src/other.ts"", ""types"": [""MODIFY""], ""old"": {""pathBytesBase64"": ""c3JjL290aGVyLnRz"", ""path"": ""src/other.ts"", ""mode"": ""100644"", ""kind"": ""blob"", ""oid"": ""b960b84d4b898b04800fab0948190d7d3f70ea1e""}, ""new"": {""pathBytesBase64"": ""c3JjL290aGVyLnRz"", ""path"": ""src/other.ts"", ""mode"": ""100644"", ""kind"": ""blob"", ""oid"": ""21fb1eca31e64cd3914025058b21992ab76edcf9""}}], ""gate"": {""outcome"": ""FAIL"", ""code"": ""SCOPE_VIOLATION""}, ""verify"": {""outcome"": ""FAIL"", ""code"": ""SCOPE_VIOLATION""}}",NEEDS_PROFILE_AND_LAYER_ADAPTER; NOT_DIRECT_PRODUCTION_INPUT,"[""Branch lacks required task/nonce form"", ""Format1 commands use reference npm registry"", ""Policy/attestation/inventory schemas require explicit translation"", ""Repo contains no production manifest/policy/taskindex; local layer only""]"
002-deleted-test,deleted-test,"{""changes"": [{""pathBytesBase64"": ""c3JjL2NsYW1wLnRz"", ""path"": ""src/clamp.ts"", ""types"": [""MODIFY""], ""old"": {""pathBytesBase64"": ""c3JjL2NsYW1wLnRz"", ""path"": ""src/clamp.ts"", ""mode"": ""100644"", ""kind"": ""blob"", ""oid"": ""5c4cb45c09ef842e5dc32c3fca523f274a4767d5""}, ""new"": {""pathBytesBase64"": ""c3JjL2NsYW1wLnRz"", ""path"": ""src/clamp.ts"", ""mode"": ""100644"", ""kind"": ""blob"", ""oid"": ""d21394ab499dbb3bf1e189d35445bf6c1beb3d92""}}, {""pathBytesBase64"": ""dGVzdHMvY2xhbXAudGVzdC50cw=="", ""path"": ""tests/clamp.test.ts"", ""types"": [""DELETE""], ""old"": {""pathBytesBase64"": ""dGVzdHMvY2xhbXAudGVzdC50cw=="", ""path"": ""tests/clamp.test.ts"", ""mode"": ""100644"", ""kind"": ""blob"", ""oid"": ""3ecc867d39c2e279ab813e0942be19b3dd070619""}, ""new"": null}], ""gate"": {""outcome"": ""FAIL"", ""code"": ""TEST_FROZEN""}, ""verify"": {""outcome"": ""FAIL"", ""code"": ""TEST_FROZEN""}}",NEEDS_PROFILE_AND_LAYER_ADAPTER; NOT_DIRECT_PRODUCTION_INPUT,"[""Branch lacks required task/nonce form"", ""Format1 commands use reference npm registry"", ""Policy/attestation/inventory schemas require explicit translation"", ""Repo contains no production manifest/policy/taskindex; local layer only""]"
003-skipped-test,skipped-test,"{""changes"": [{""pathBytesBase64"": ""c3JjL2NsYW1wLnRz"", ""path"": ""src/clamp.ts"", ""types"": [""MODIFY""], ""old"": {""pathBytesBase64"": ""c3JjL2NsYW1wLnRz"", ""path"": ""src/clamp.ts"", ""mode"": ""100644"", ""kind"": ""blob"", ""oid"": ""5c4cb45c09ef842e5dc32c3fca523f274a4767d5""}, ""new"": {""pathBytesBase64"": ""c3JjL2NsYW1wLnRz"", ""path"": ""src/clamp.ts"", ""mode"": ""100644"", ""kind"": ""blob"", ""oid"": ""d21394ab499dbb3bf1e189d35445bf6c1beb3d92""}}, {""pathBytesBase64"": ""dGVzdHMvY2xhbXAudGVzdC50cw=="", ""path"": ""tests/clamp.test.ts"", ""types"": [""MODIFY""], ""old"": {""pathBytesBase64"": ""dGVzdHMvY2xhbXAudGVzdC50cw=="", ""path"": ""tests/clamp.test.ts"", ""mode"": ""100644"", ""kind"": ""blob"", ""oid"": ""3ecc867d39c2e279ab813e0942be19b3dd070619""}, ""new"": {""pathBytesBase64"": ""dGVzdHMvY2xhbXAudGVzdC50cw=="", ""path"": ""tests/clamp.test.ts"", ""mode"": ""100644"", ""kind"": ""blob"", ""oid"": ""1d2c107fcfa50551948ddc408eb410709756cd51""}}], ""gate"": {""outcome"": ""FAIL"", ""code"": ""TEST_FROZEN""}, ""verify"": {""outcome"": ""FAIL"", ""code"": ""TEST_FROZEN""}}",NEEDS_PROFILE_AND_LAYER_ADAPTER; NOT_DIRECT_PRODUCTION_INPUT,"[""Branch lacks required task/nonce form"", ""Format1 commands use reference npm registry"", ""Policy/attestation/inventory schemas require explicit translation"", ""Repo contains no production manifest/policy/taskindex; local layer only""]"
004-config,config,"{""changes"": [{""pathBytesBase64"": ""c3JjL2NsYW1wLnRz"", ""path"": ""src/clamp.ts"", ""types"": [""MODIFY""], ""old"": {""pathBytesBase64"": ""c3JjL2NsYW1wLnRz"", ""path"": ""src/clamp.ts"", ""mode"": ""100644"", ""kind"": ""blob"", ""oid"": ""5c4cb45c09ef842e5dc32c3fca523f274a4767d5""}, ""new"": {""pathBytesBase64"": ""c3JjL2NsYW1wLnRz"", ""path"": ""src/clamp.ts"", ""mode"": ""100644"", ""kind"": ""blob"", ""oid"": ""d21394ab499dbb3bf1e189d35445bf6c1beb3d92""}}, {""pathBytesBase64"": ""dml0ZXN0LmNvbmZpZy5tanM="", ""path"": ""vitest.config.mjs"", ""types"": [""ADD""], ""old"": null, ""new"": {""pathBytesBase64"": ""dml0ZXN0LmNvbmZpZy5tanM="", ""path"": ""vitest.config.mjs"", ""mode"": ""100644"", ""kind"": ""blob"", ""oid"": ""7c645e42fb75c2cb63a74ee7081fba37f511818e""}}], ""gate"": {""outcome"": ""FAIL"", ""code"": ""PROTECTED_PATH""}, ""verify"": {""outcome"": ""FAIL"", ""code"": ""PROTECTED_PATH""}}",NEEDS_PROFILE_AND_LAYER_ADAPTER; NOT_DIRECT_PRODUCTION_INPUT,"[""Branch lacks required task/nonce form"", ""Format1 commands use reference npm registry"", ""Policy/attestation/inventory schemas require explicit translation"", ""Repo contains no production manifest/policy/taskindex; local layer only""]"
005-protected,protected,"{""changes"": [{""pathBytesBase64"": ""LmdpdGh1Yi93b3JrZmxvd3MvZXZpbC55bWw="", ""path"": "".github/workflows/evil.yml"", ""types"": [""ADD""], ""old"": null, ""new"": {""pathBytesBase64"": ""LmdpdGh1Yi93b3JrZmxvd3MvZXZpbC55bWw="", ""path"": "".github/workflows/evil.yml"", ""mode"": ""100644"", ""kind"": ""blob"", ""oid"": ""389d7117956ddd977d601b33cdf95aa8f29c201e""}}, {""pathBytesBase64"": ""c3JjL2NsYW1wLnRz"", ""path"": ""src/clamp.ts"", ""types"": [""MODIFY""], ""old"": {""pathBytesBase64"": ""c3JjL2NsYW1wLnRz"", ""path"": ""src/clamp.ts"", ""mode"": ""100644"", ""kind"": ""blob"", ""oid"": ""5c4cb45c09ef842e5dc32c3fca523f274a4767d5""}, ""new"": {""pathBytesBase64"": ""c3JjL2NsYW1wLnRz"", ""path"": ""src/clamp.ts"", ""mode"": ""100644"", ""kind"": ""blob"", ""oid"": ""d21394ab499dbb3bf1e189d35445bf6c1beb3d92""}}], ""gate"": {""outcome"": ""FAIL"", ""code"": ""PROTECTED_PATH""}, ""verify"": {""outcome"": ""FAIL"", ""code"": ""PROTECTED_PATH""}}",NEEDS_PROFILE_AND_LAYER_ADAPTER; NOT_DIRECT_PRODUCTION_INPUT,"[""Branch lacks required task/nonce form"", ""Format1 commands use reference npm registry"", ""Policy/attestation/inventory schemas require explicit translation"", ""Repo contains no production manifest/policy/taskindex; local layer only""]"
006-extra,extra,"{""changes"": [{""pathBytesBase64"": ""bm90ZXMudHh0"", ""path"": ""notes.txt"", ""types"": [""ADD""], ""old"": null, ""new"": {""pathBytesBase64"": ""bm90ZXMudHh0"", ""path"": ""notes.txt"", ""mode"": ""100644"", ""kind"": ""blob"", ""oid"": ""3041adec9105ce2abb98307afd1f4aeb2e97c504""}}, {""pathBytesBase64"": ""c3JjL2NsYW1wLnRz"", ""path"": ""src/clamp.ts"", ""types"": [""MODIFY""], ""old"": {""pathBytesBase64"": ""c3JjL2NsYW1wLnRz"", ""path"": ""src/clamp.ts"", ""mode"": ""100644"", ""kind"": ""blob"", ""oid"": ""5c4cb45c09ef842e5dc32c3fca523f274a4767d5""}, ""new"": {""pathBytesBase64"": ""c3JjL2NsYW1wLnRz"", ""path"": ""src/clamp.ts"", ""mode"": ""100644"", ""kind"": ""blob"", ""oid"": ""d21394ab499dbb3bf1e189d35445bf6c1beb3d92""}}], ""gate"": {""outcome"": ""FAIL"", ""code"": ""SCOPE_VIOLATION""}, ""verify"": {""outcome"": ""FAIL"", ""code"": ""SCOPE_VIOLATION""}}",NEEDS_PROFILE_AND_LAYER_ADAPTER; NOT_DIRECT_PRODUCTION_INPUT,"[""Branch lacks required task/nonce form"", ""Format1 commands use reference npm registry"", ""Policy/attestation/inventory schemas require explicit translation"", ""Repo contains no production manifest/policy/taskindex; local layer only""]"
007-survived,survived,"{""changes"": [{""pathBytesBase64"": ""c3JjL2NsYW1wLnRz"", ""path"": ""src/clamp.ts"", ""types"": [""MODIFY""], ""old"": {""pathBytesBase64"": ""c3JjL2NsYW1wLnRz"", ""path"": ""src/clamp.ts"", ""mode"": ""100644"", ""kind"": ""blob"", ""oid"": ""5c4cb45c09ef842e5dc32c3fca523f274a4767d5""}, ""new"": {""pathBytesBase64"": ""c3JjL2NsYW1wLnRz"", ""path"": ""src/clamp.ts"", ""mode"": ""100644"", ""kind"": ""blob"", ""oid"": ""d21394ab499dbb3bf1e189d35445bf6c1beb3d92""}}], ""gate"": {""outcome"": ""PASS"", ""code"": null}, ""verify"": {""outcome"": ""FAIL"", ""code"": ""MUTANT_SURVIVED""}}",NEEDS_PROFILE_AND_LAYER_ADAPTER; NOT_DIRECT_PRODUCTION_INPUT,"[""Branch lacks required task/nonce form"", ""Format1 commands use reference npm registry"", ""Policy/attestation/inventory schemas require explicit translation"", ""Repo contains no production manifest/policy/taskindex; local layer only""]"
008-stale,stale,"{""changes"": [{""pathBytesBase64"": ""c3JjL2NsYW1wLnRz"", ""path"": ""src/clamp.ts"", ""types"": [""MODIFY""], ""old"": {""pathBytesBase64"": ""c3JjL2NsYW1wLnRz"", ""path"": ""src/clamp.ts"", ""mode"": ""100644"", ""kind"": ""blob"", ""oid"": ""5c4cb45c09ef842e5dc32c3fca523f274a4767d5""}, ""new"": {""pathBytesBase64"": ""c3JjL2NsYW1wLnRz"", ""path"": ""src/clamp.ts"", ""mode"": ""100644"", ""kind"": ""blob"", ""oid"": ""d21394ab499dbb3bf1e189d35445bf6c1beb3d92""}}], ""gate"": {""outcome"": ""FAIL"", ""code"": ""STALE_HEAD""}, ""verify"": {""outcome"": ""FAIL"", ""code"": ""STALE_HEAD""}}",NEEDS_PROFILE_AND_LAYER_ADAPTER; NOT_DIRECT_PRODUCTION_INPUT,"[""Branch lacks required task/nonce form"", ""Format1 commands use reference npm registry"", ""Policy/attestation/inventory schemas require explicit translation"", ""Repo contains no production manifest/policy/taskindex; local layer only""]"
009-invalid-utf8,invalid-utf8,"{""changes"": [{""pathBytesBase64"": ""YmFk/w=="", ""path"": ""bad\\xff"", ""types"": [""ADD""], ""old"": null, ""new"": {""pathBytesBase64"": ""YmFk/w=="", ""path"": ""bad\\xff"", ""mode"": ""100644"", ""kind"": ""blob"", ""oid"": ""c1b0730e0133447badcfd47fd144e254807b06e1""}}, {""pathBytesBase64"": ""c3JjL2NsYW1wLnRz"", ""path"": ""src/clamp.ts"", ""types"": [""MODIFY""], ""old"": {""pathBytesBase64"": ""c3JjL2NsYW1wLnRz"", ""path"": ""src/clamp.ts"", ""mode"": ""100644"", ""kind"": ""blob"", ""oid"": ""5c4cb45c09ef842e5dc32c3fca523f274a4767d5""}, ""new"": {""pathBytesBase64"": ""c3JjL2NsYW1wLnRz"", ""path"": ""src/clamp.ts"", ""mode"": ""100644"", ""kind"": ""blob"", ""oid"": ""d21394ab499dbb3bf1e189d35445bf6c1beb3d92""}}], ""gate"": {""outcome"": ""FAIL"", ""code"": ""PATH_UNSAFE""}, ""verify"": {""outcome"": ""FAIL"", ""code"": ""PATH_UNSAFE""}}",NEEDS_PROFILE_AND_LAYER_ADAPTER; NOT_DIRECT_PRODUCTION_INPUT,"[""Branch lacks required task/nonce form"", ""Format1 commands use reference npm registry"", ""Policy/attestation/inventory schemas require explicit translation"", ""Repo contains no production manifest/policy/taskindex; local layer only""]"
010-control,control,"{""changes"": [{""pathBytesBase64"": ""YQoJ"", ""path"": ""a\n\t"", ""types"": [""ADD""], ""old"": null, ""new"": {""pathBytesBase64"": ""YQoJ"", ""path"": ""a\n\t"", ""mode"": ""100644"", ""kind"": ""blob"", ""oid"": ""c1b0730e0133447badcfd47fd144e254807b06e1""}}, {""pathBytesBase64"": ""c3JjL2NsYW1wLnRz"", ""path"": ""src/clamp.ts"", ""types"": [""MODIFY""], ""old"": {""pathBytesBase64"": ""c3JjL2NsYW1wLnRz"", ""path"": ""src/clamp.ts"", ""mode"": ""100644"", ""kind"": ""blob"", ""oid"": ""5c4cb45c09ef842e5dc32c3fca523f274a4767d5""}, ""new"": {""pathBytesBase64"": ""c3JjL2NsYW1wLnRz"", ""path"": ""src/clamp.ts"", ""mode"": ""100644"", ""kind"": ""blob"", ""oid"": ""d21394ab499dbb3bf1e189d35445bf6c1beb3d92""}}], ""gate"": {""outcome"": ""FAIL"", ""code"": ""PATH_UNSAFE""}, ""verify"": {""outcome"": ""FAIL"", ""code"": ""PATH_UNSAFE""}}",NEEDS_PROFILE_AND_LAYER_ADAPTER; NOT_DIRECT_PRODUCTION_INPUT,"[""Branch lacks required task/nonce form"", ""Format1 commands use reference npm registry"", ""Policy/attestation/inventory schemas require explicit translation"", ""Repo contains no production manifest/policy/taskindex; local layer only""]"
011-del,del,"{""changes"": [{""pathBytesBase64"": ""YX8="", ""path"": ""a"", ""types"": [""ADD""], ""old"": null, ""new"": {""pathBytesBase64"": ""YX8="", ""path"": ""a"", ""mode"": ""100644"", ""kind"": ""blob"", ""oid"": ""c1b0730e0133447badcfd47fd144e254807b06e1""}}, {""pathBytesBase64"": ""c3JjL2NsYW1wLnRz"", ""path"": ""src/clamp.ts"", ""types"": [""MODIFY""], ""old"": {""pathBytesBase64"": ""c3JjL2NsYW1wLnRz"", ""path"": ""src/clamp.ts"", ""mode"": ""100644"", ""kind"": ""blob"", ""oid"": ""5c4cb45c09ef842e5dc32c3fca523f274a4767d5""}, ""new"": {""pathBytesBase64"": ""c3JjL2NsYW1wLnRz"", ""path"": ""src/clamp.ts"", ""mode"": ""100644"", ""kind"": ""blob"", ""oid"": ""d21394ab499dbb3bf1e189d35445bf6c1beb3d92""}}], ""gate"": {""outcome"": ""FAIL"", ""code"": ""PATH_UNSAFE""}, ""verify"": {""outcome"": ""FAIL"", ""code"": ""PATH_UNSAFE""}}",NEEDS_PROFILE_AND_LAYER_ADAPTER; NOT_DIRECT_PRODUCTION_INPUT,"[""Branch lacks required task/nonce form"", ""Format1 commands use reference npm registry"", ""Policy/attestation/inventory schemas require explicit translation"", ""Repo contains no production manifest/policy/taskindex; local layer only""]"
012-dot,dot,"{""changes"": [{""pathBytesBase64"": ""Li94"", ""path"": ""./x"", ""types"": [""ADD""], ""old"": null, ""new"": {""pathBytesBase64"": ""Li94"", ""path"": ""./x"", ""mode"": ""100644"", ""kind"": ""blob"", ""oid"": ""c1b0730e0133447badcfd47fd144e254807b06e1""}}, {""pathBytesBase64"": ""c3JjL2NsYW1wLnRz"", ""path"": ""src/clamp.ts"", ""types"": [""MODIFY""], ""old"": {""pathBytesBase64"": ""c3JjL2NsYW1wLnRz"", ""path"": ""src/clamp.ts"", ""mode"": ""100644"", ""kind"": ""blob"", ""oid"": ""5c4cb45c09ef842e5dc32c3fca523f274a4767d5""}, ""new"": {""pathBytesBase64"": ""c3JjL2NsYW1wLnRz"", ""path"": ""src/clamp.ts"", ""mode"": ""100644"", ""kind"": ""blob"", ""oid"": ""d21394ab499dbb3bf1e189d35445bf6c1beb3d92""}}], ""gate"": {""outcome"": ""FAIL"", ""code"": ""PATH_UNSAFE""}, ""verify"": {""outcome"": ""FAIL"", ""code"": ""PATH_UNSAFE""}}",NEEDS_PROFILE_AND_LAYER_ADAPTER; NOT_DIRECT_PRODUCTION_INPUT,"[""Branch lacks required task/nonce form"", ""Format1 commands use reference npm registry"", ""Policy/attestation/inventory schemas require explicit translation"", ""Repo contains no production manifest/policy/taskindex; local layer only""]"
013-dotdot,dotdot,"{""changes"": [{""pathBytesBase64"": ""Li4veA=="", ""path"": ""../x"", ""types"": [""ADD""], ""old"": null, ""new"": {""pathBytesBase64"": ""Li4veA=="", ""path"": ""../x"", ""mode"": ""100644"", ""kind"": ""blob"", ""oid"": ""c1b0730e0133447badcfd47fd144e254807b06e1""}}, {""pathBytesBase64"": ""c3JjL2NsYW1wLnRz"", ""path"": ""src/clamp.ts"", ""types"": [""MODIFY""], ""old"": {""pathBytesBase64"": ""c3JjL2NsYW1wLnRz"", ""path"": ""src/clamp.ts"", ""mode"": ""100644"", ""kind"": ""blob"", ""oid"": ""5c4cb45c09ef842e5dc32c3fca523f274a4767d5""}, ""new"": {""pathBytesBase64"": ""c3JjL2NsYW1wLnRz"", ""path"": ""src/clamp.ts"", ""mode"": ""100644"", ""kind"": ""blob"", ""oid"": ""d21394ab499dbb3bf1e189d35445bf6c1beb3d92""}}], ""gate"": {""outcome"": ""FAIL"", ""code"": ""PATH_UNSAFE""}, ""verify"": {""outcome"": ""FAIL"", ""code"": ""PATH_UNSAFE""}}",NEEDS_PROFILE_AND_LAYER_ADAPTER; NOT_DIRECT_PRODUCTION_INPUT,"[""Branch lacks required task/nonce form"", ""Format1 commands use reference npm registry"", ""Policy/attestation/inventory schemas require explicit translation"", ""Repo contains no production manifest/policy/taskindex; local layer only""]"
014-git,git,"{""changes"": [{""pathBytesBase64"": ""LmdpdC9jb25maWc="", ""path"": "".git/config"", ""types"": [""ADD""], ""old"": null, ""new"": {""pathBytesBase64"": ""LmdpdC9jb25maWc="", ""path"": "".git/config"", ""mode"": ""100644"", ""kind"": ""blob"", ""oid"": ""c1b0730e0133447badcfd47fd144e254807b06e1""}}, {""pathBytesBase64"": ""c3JjL2NsYW1wLnRz"", ""path"": ""src/clamp.ts"", ""types"": [""MODIFY""], ""old"": {""pathBytesBase64"": ""c3JjL2NsYW1wLnRz"", ""path"": ""src/clamp.ts"", ""mode"": ""100644"", ""kind"": ""blob"", ""oid"": ""5c4cb45c09ef842e5dc32c3fca523f274a4767d5""}, ""new"": {""pathBytesBase64"": ""c3JjL2NsYW1wLnRz"", ""path"": ""src/clamp.ts"", ""mode"": ""100644"", ""kind"": ""blob"", ""oid"": ""d21394ab499dbb3bf1e189d35445bf6c1beb3d92""}}], ""gate"": {""outcome"": ""FAIL"", ""code"": ""PATH_UNSAFE""}, ""verify"": {""outcome"": ""FAIL"", ""code"": ""PATH_UNSAFE""}}",NEEDS_PROFILE_AND_LAYER_ADAPTER; NOT_DIRECT_PRODUCTION_INPUT,"[""Branch lacks required task/nonce form"", ""Format1 commands use reference npm registry"", ""Policy/attestation/inventory schemas require explicit translation"", ""Repo contains no production manifest/policy/taskindex; local layer only""]"
015-case,case,"{""changes"": [{""pathBytesBase64"": ""QS50cw=="", ""path"": ""A.ts"", ""types"": [""ADD""], ""old"": null, ""new"": {""pathBytesBase64"": ""QS50cw=="", ""path"": ""A.ts"", ""mode"": ""100644"", ""kind"": ""blob"", ""oid"": ""2e65efe2a145dda7ee51d1741299f848e5bf752e""}}, {""pathBytesBase64"": ""YS50cw=="", ""path"": ""a.ts"", ""types"": [""ADD""], ""old"": null, ""new"": {""pathBytesBase64"": ""YS50cw=="", ""path"": ""a.ts"", ""mode"": ""100644"", ""kind"": ""blob"", ""oid"": ""63d8dbd40c23542e740659a7168a0ce3138ea748""}}, {""pathBytesBase64"": ""c3JjL2NsYW1wLnRz"", ""path"": ""src/clamp.ts"", ""types"": [""MODIFY""], ""old"": {""pathBytesBase64"": ""c3JjL2NsYW1wLnRz"", ""path"": ""src/clamp.ts"", ""mode"": ""100644"", ""kind"": ""blob"", ""oid"": ""5c4cb45c09ef842e5dc32c3fca523f274a4767d5""}, ""new"": {""pathBytesBase64"": ""c3JjL2NsYW1wLnRz"", ""path"": ""src/clamp.ts"", ""mode"": ""100644"", ""kind"": ""blob"", ""oid"": ""d21394ab499dbb3bf1e189d35445bf6c1beb3d92""}}], ""gate"": {""outcome"": ""FAIL"", ""code"": ""PATH_UNSAFE""}, ""verify"": {""outcome"": ""FAIL"", ""code"": ""PATH_UNSAFE""}}",NEEDS_PROFILE_AND_LAYER_ADAPTER; NOT_DIRECT_PRODUCTION_INPUT,"[""Branch lacks required task/nonce form"", ""Format1 commands use reference npm registry"", ""Policy/attestation/inventory schemas require explicit translation"", ""Repo contains no production manifest/policy/taskindex; local layer only""]"
016-unicode-normalization,unicode-normalization,"{""changes"": [{""pathBytesBase64"": ""ZcyBLnRz"", ""path"": ""é.ts"", ""types"": [""ADD""], ""old"": null, ""new"": {""pathBytesBase64"": ""ZcyBLnRz"", ""path"": ""é.ts"", ""mode"": ""100644"", ""kind"": ""blob"", ""oid"": ""63d8dbd40c23542e740659a7168a0ce3138ea748""}}, {""pathBytesBase64"": ""c3JjL2NsYW1wLnRz"", ""path"": ""src/clamp.ts"", ""types"": [""MODIFY""], ""old"": {""pathBytesBase64"": ""c3JjL2NsYW1wLnRz"", ""path"": ""src/clamp.ts"", ""mode"": ""100644"", ""kind"": ""blob"", ""oid"": ""5c4cb45c09ef842e5dc32c3fca523f274a4767d5""}, ""new"": {""pathBytesBase64"": ""c3JjL2NsYW1wLnRz"", ""path"": ""src/clamp.ts"", ""mode"": ""100644"", ""kind"": ""blob"", ""oid"": ""d21394ab499dbb3bf1e189d35445bf6c1beb3d92""}}, {""pathBytesBase64"": ""w6kudHM="", ""path"": ""é.ts"", ""types"": [""ADD""], ""old"": null, ""new"": {""pathBytesBase64"": ""w6kudHM="", ""path"": ""é.ts"", ""mode"": ""100644"", ""kind"": ""blob"", ""oid"": ""2e65efe2a145dda7ee51d1741299f848e5bf752e""}}], ""gate"": {""outcome"": ""FAIL"", ""code"": ""PATH_UNSAFE""}, ""verify"": {""outcome"": ""FAIL"", ""code"": ""PATH_UNSAFE""}}",NEEDS_PROFILE_AND_LAYER_ADAPTER; NOT_DIRECT_PRODUCTION_INPUT,"[""Branch lacks required task/nonce form"", ""Format1 commands use reference npm registry"", ""Policy/attestation/inventory schemas require explicit translation"", ""Repo contains no production manifest/policy/taskindex; local layer only""]"
017-prefix-case,prefix-case,"{""changes"": [{""pathBytesBase64"": ""QS94"", ""path"": ""A/x"", ""types"": [""ADD""], ""old"": null, ""new"": {""pathBytesBase64"": ""QS94"", ""path"": ""A/x"", ""mode"": ""100644"", ""kind"": ""blob"", ""oid"": ""2e65efe2a145dda7ee51d1741299f848e5bf752e""}}, {""pathBytesBase64"": ""YS95"", ""path"": ""a/y"", ""types"": [""ADD""], ""old"": null, ""new"": {""pathBytesBase64"": ""YS95"", ""path"": ""a/y"", ""mode"": ""100644"", ""kind"": ""blob"", ""oid"": ""63d8dbd40c23542e740659a7168a0ce3138ea748""}}, {""pathBytesBase64"": ""c3JjL2NsYW1wLnRz"", ""path"": ""src/clamp.ts"", ""types"": [""MODIFY""], ""old"": {""pathBytesBase64"": ""c3JjL2NsYW1wLnRz"", ""path"": ""src/clamp.ts"", ""mode"": ""100644"", ""kind"": ""blob"", ""oid"": ""5c4cb45c09ef842e5dc32c3fca523f274a4767d5""}, ""new"": {""pathBytesBase64"": ""c3JjL2NsYW1wLnRz"", ""path"": ""src/clamp.ts"", ""mode"": ""100644"", ""kind"": ""blob"", ""oid"": ""d21394ab499dbb3bf1e189d35445bf6c1beb3d92""}}], ""gate"": {""outcome"": ""FAIL"", ""code"": ""PATH_UNSAFE""}, ""verify"": {""outcome"": ""FAIL"", ""code"": ""PATH_UNSAFE""}}",NEEDS_PROFILE_AND_LAYER_ADAPTER; NOT_DIRECT_PRODUCTION_INPUT,"[""Branch lacks required task/nonce form"", ""Format1 commands use reference npm registry"", ""Policy/attestation/inventory schemas require explicit translation"", ""Repo contains no production manifest/policy/taskindex; local layer only""]"
018-windows,windows,"{""changes"": [{""pathBytesBase64"": ""QVVYLnR4dA=="", ""path"": ""AUX.txt"", ""types"": [""ADD""], ""old"": null, ""new"": {""pathBytesBase64"": ""QVVYLnR4dA=="", ""path"": ""AUX.txt"", ""mode"": ""100644"", ""kind"": ""blob"", ""oid"": ""c1b0730e0133447badcfd47fd144e254807b06e1""}}, {""pathBytesBase64"": ""c3JjL2NsYW1wLnRz"", ""path"": ""src/clamp.ts"", ""types"": [""MODIFY""], ""old"": {""pathBytesBase64"": ""c3JjL2NsYW1wLnRz"", ""path"": ""src/clamp.ts"", ""mode"": ""100644"", ""kind"": ""blob"", ""oid"": ""5c4cb45c09ef842e5dc32c3fca523f274a4767d5""}, ""new"": {""pathBytesBase64"": ""c3JjL2NsYW1wLnRz"", ""path"": ""src/clamp.ts"", ""mode"": ""100644"", ""kind"": ""blob"", ""oid"": ""d21394ab499dbb3bf1e189d35445bf6c1beb3d92""}}], ""gate"": {""outcome"": ""FAIL"", ""code"": ""PATH_UNSAFE""}, ""verify"": {""outcome"": ""FAIL"", ""code"": ""PATH_UNSAFE""}}",NEEDS_PROFILE_AND_LAYER_ADAPTER; NOT_DIRECT_PRODUCTION_INPUT,"[""Branch lacks required task/nonce form"", ""Format1 commands use reference npm registry"", ""Policy/attestation/inventory schemas require explicit translation"", ""Repo contains no production manifest/policy/taskindex; local layer only""]"
019-trailing-dot,trailing-dot,"{""changes"": [{""pathBytesBase64"": ""bmFtZS4="", ""path"": ""name."", ""types"": [""ADD""], ""old"": null, ""new"": {""pathBytesBase64"": ""bmFtZS4="", ""path"": ""name."", ""mode"": ""100644"", ""kind"": ""blob"", ""oid"": ""c1b0730e0133447badcfd47fd144e254807b06e1""}}, {""pathBytesBase64"": ""c3JjL2NsYW1wLnRz"", ""path"": ""src/clamp.ts"", ""types"": [""MODIFY""], ""old"": {""pathBytesBase64"": ""c3JjL2NsYW1wLnRz"", ""path"": ""src/clamp.ts"", ""mode"": ""100644"", ""kind"": ""blob"", ""oid"": ""5c4cb45c09ef842e5dc32c3fca523f274a4767d5""}, ""new"": {""pathBytesBase64"": ""c3JjL2NsYW1wLnRz"", ""path"": ""src/clamp.ts"", ""mode"": ""100644"", ""kind"": ""blob"", ""oid"": ""d21394ab499dbb3bf1e189d35445bf6c1beb3d92""}}], ""gate"": {""outcome"": ""FAIL"", ""code"": ""PATH_UNSAFE""}, ""verify"": {""outcome"": ""FAIL"", ""code"": ""PATH_UNSAFE""}}",NEEDS_PROFILE_AND_LAYER_ADAPTER; NOT_DIRECT_PRODUCTION_INPUT,"[""Branch lacks required task/nonce form"", ""Format1 commands use reference npm registry"", ""Policy/attestation/inventory schemas require explicit translation"", ""Repo contains no production manifest/policy/taskindex; local layer only""]"
020-trailing-space,trailing-space,"{""changes"": [{""pathBytesBase64"": ""bmFtZSA="", ""path"": ""name "", ""types"": [""ADD""], ""old"": null, ""new"": {""pathBytesBase64"": ""bmFtZSA="", ""path"": ""name "", ""mode"": ""100644"", ""kind"": ""blob"", ""oid"": ""c1b0730e0133447badcfd47fd144e254807b06e1""}}, {""pathBytesBase64"": ""c3JjL2NsYW1wLnRz"", ""path"": ""src/clamp.ts"", ""types"": [""MODIFY""], ""old"": {""pathBytesBase64"": ""c3JjL2NsYW1wLnRz"", ""path"": ""src/clamp.ts"", ""mode"": ""100644"", ""kind"": ""blob"", ""oid"": ""5c4cb45c09ef842e5dc32c3fca523f274a4767d5""}, ""new"": {""pathBytesBase64"": ""c3JjL2NsYW1wLnRz"", ""path"": ""src/clamp.ts"", ""mode"": ""100644"", ""kind"": ""blob"", ""oid"": ""d21394ab499dbb3bf1e189d35445bf6c1beb3d92""}}], ""gate"": {""outcome"": ""FAIL"", ""code"": ""PATH_UNSAFE""}, ""verify"": {""outcome"": ""FAIL"", ""code"": ""PATH_UNSAFE""}}",NEEDS_PROFILE_AND_LAYER_ADAPTER; NOT_DIRECT_PRODUCTION_INPUT,"[""Branch lacks required task/nonce form"", ""Format1 commands use reference npm registry"", ""Policy/attestation/inventory schemas require explicit translation"", ""Repo contains no production manifest/policy/taskindex; local layer only""]"
021-colon,colon,"{""changes"": [{""pathBytesBase64"": ""bmFtZTpzdHJlYW0="", ""path"": ""name:stream"", ""types"": [""ADD""], ""old"": null, ""new"": {""pathBytesBase64"": ""bmFtZTpzdHJlYW0="", ""path"": ""name:stream"", ""mode"": ""100644"", ""kind"": ""blob"", ""oid"": ""c1b0730e0133447badcfd47fd144e254807b06e1""}}, {""pathBytesBase64"": ""c3JjL2NsYW1wLnRz"", ""path"": ""src/clamp.ts"", ""types"": [""MODIFY""], ""old"": {""pathBytesBase64"": ""c3JjL2NsYW1wLnRz"", ""path"": ""src/clamp.ts"", ""mode"": ""100644"", ""kind"": ""blob"", ""oid"": ""5c4cb45c09ef842e5dc32c3fca523f274a4767d5""}, ""new"": {""pathBytesBase64"": ""c3JjL2NsYW1wLnRz"", ""path"": ""src/clamp.ts"", ""mode"": ""100644"", ""kind"": ""blob"", ""oid"": ""d21394ab499dbb3bf1e189d35445bf6c1beb3d92""}}], ""gate"": {""outcome"": ""FAIL"", ""code"": ""PATH_UNSAFE""}, ""verify"": {""outcome"": ""FAIL"", ""code"": ""PATH_UNSAFE""}}",NEEDS_PROFILE_AND_LAYER_ADAPTER; NOT_DIRECT_PRODUCTION_INPUT,"[""Branch lacks required task/nonce form"", ""Format1 commands use reference npm registry"", ""Policy/attestation/inventory schemas require explicit translation"", ""Repo contains no production manifest/policy/taskindex; local layer only""]"
022-symlink,symlink,"{""changes"": [{""pathBytesBase64"": ""c3JjL2NsYW1wLnRz"", ""path"": ""src/clamp.ts"", ""types"": [""MODIFY""], ""old"": {""pathBytesBase64"": ""c3JjL2NsYW1wLnRz"", ""path"": ""src/clamp.ts"", ""mode"": ""100644"", ""kind"": ""blob"", ""oid"": ""5c4cb45c09ef842e5dc32c3fca523f274a4767d5""}, ""new"": {""pathBytesBase64"": ""c3JjL2NsYW1wLnRz"", ""path"": ""src/clamp.ts"", ""mode"": ""100644"", ""kind"": ""blob"", ""oid"": ""d21394ab499dbb3bf1e189d35445bf6c1beb3d92""}}, {""pathBytesBase64"": ""c3JjL2xpbms="", ""path"": ""src/link"", ""types"": [""ADD""], ""old"": null, ""new"": {""pathBytesBase64"": ""c3JjL2xpbms="", ""path"": ""src/link"", ""mode"": ""120000"", ""kind"": ""blob"", ""oid"": ""60c6ad35c6c625db901122de12cf2d256cc09628""}}], ""gate"": {""outcome"": ""FAIL"", ""code"": ""PATH_UNSAFE""}, ""verify"": {""outcome"": ""FAIL"", ""code"": ""PATH_UNSAFE""}}",NEEDS_PROFILE_AND_LAYER_ADAPTER; NOT_DIRECT_PRODUCTION_INPUT,"[""Branch lacks required task/nonce form"", ""Format1 commands use reference npm registry"", ""Policy/attestation/inventory schemas require explicit translation"", ""Repo contains no production manifest/policy/taskindex; local layer only""]"
023-gitlink,gitlink,"{""changes"": [{""pathBytesBase64"": ""c3JjL2NsYW1wLnRz"", ""path"": ""src/clamp.ts"", ""types"": [""MODIFY""], ""old"": {""pathBytesBase64"": ""c3JjL2NsYW1wLnRz"", ""path"": ""src/clamp.ts"", ""mode"": ""100644"", ""kind"": ""blob"", ""oid"": ""5c4cb45c09ef842e5dc32c3fca523f274a4767d5""}, ""new"": {""pathBytesBase64"": ""c3JjL2NsYW1wLnRz"", ""path"": ""src/clamp.ts"", ""mode"": ""100644"", ""kind"": ""blob"", ""oid"": ""d21394ab499dbb3bf1e189d35445bf6c1beb3d92""}}, {""pathBytesBase64"": ""c3JjL2xpbms="", ""path"": ""src/link"", ""types"": [""ADD""], ""old"": null, ""new"": {""pathBytesBase64"": ""c3JjL2xpbms="", ""path"": ""src/link"", ""mode"": ""160000"", ""kind"": ""commit"", ""oid"": ""415f78673bbb7b6be9b79e919a378fd237162a4a""}}], ""gate"": {""outcome"": ""FAIL"", ""code"": ""PATH_UNSAFE""}, ""verify"": {""outcome"": ""FAIL"", ""code"": ""PATH_UNSAFE""}}",NEEDS_PROFILE_AND_LAYER_ADAPTER; NOT_DIRECT_PRODUCTION_INPUT,"[""Branch lacks required task/nonce form"", ""Format1 commands use reference npm registry"", ""Policy/attestation/inventory schemas require explicit translation"", ""Repo contains no production manifest/policy/taskindex; local layer only""]"
024-unknown-mode,unknown-mode,"{""changes"": [{""pathBytesBase64"": ""c3JjL2NsYW1wLnRz"", ""path"": ""src/clamp.ts"", ""types"": [""MODIFY""], ""old"": {""pathBytesBase64"": ""c3JjL2NsYW1wLnRz"", ""path"": ""src/clamp.ts"", ""mode"": ""100644"", ""kind"": ""blob"", ""oid"": ""5c4cb45c09ef842e5dc32c3fca523f274a4767d5""}, ""new"": {""pathBytesBase64"": ""c3JjL2NsYW1wLnRz"", ""path"": ""src/clamp.ts"", ""mode"": ""100644"", ""kind"": ""blob"", ""oid"": ""d21394ab499dbb3bf1e189d35445bf6c1beb3d92""}}, {""pathBytesBase64"": ""c3JjL2xpbms="", ""path"": ""src/link"", ""types"": [""ADD""], ""old"": null, ""new"": {""pathBytesBase64"": ""c3JjL2xpbms="", ""path"": ""src/link"", ""mode"": ""100600"", ""kind"": ""blob"", ""oid"": ""c1b0730e0133447badcfd47fd144e254807b06e1""}}], ""gate"": {""outcome"": ""FAIL"", ""code"": ""PATH_UNSAFE""}, ""verify"": {""outcome"": ""FAIL"", ""code"": ""PATH_UNSAFE""}}",NEEDS_PROFILE_AND_LAYER_ADAPTER; NOT_DIRECT_PRODUCTION_INPUT,"[""Branch lacks required task/nonce form"", ""Format1 commands use reference npm registry"", ""Policy/attestation/inventory schemas require explicit translation"", ""Repo contains no production manifest/policy/taskindex; local layer only""]"
025-binary,binary,"{""changes"": [{""pathBytesBase64"": ""ZGF0YS5iaW4="", ""path"": ""data.bin"", ""types"": [""ADD""], ""old"": null, ""new"": {""pathBytesBase64"": ""ZGF0YS5iaW4="", ""path"": ""data.bin"", ""mode"": ""100644"", ""kind"": ""blob"", ""oid"": ""ba01f6b05bdbb386b35f4d086e268c5d422cafb9""}}, {""pathBytesBase64"": ""c3JjL2NsYW1wLnRz"", ""path"": ""src/clamp.ts"", ""types"": [""MODIFY""], ""old"": {""pathBytesBase64"": ""c3JjL2NsYW1wLnRz"", ""path"": ""src/clamp.ts"", ""mode"": ""100644"", ""kind"": ""blob"", ""oid"": ""5c4cb45c09ef842e5dc32c3fca523f274a4767d5""}, ""new"": {""pathBytesBase64"": ""c3JjL2NsYW1wLnRz"", ""path"": ""src/clamp.ts"", ""mode"": ""100644"", ""kind"": ""blob"", ""oid"": ""d21394ab499dbb3bf1e189d35445bf6c1beb3d92""}}], ""gate"": {""outcome"": ""FAIL"", ""code"": ""SCOPE_VIOLATION""}, ""verify"": {""outcome"": ""FAIL"", ""code"": ""SCOPE_VIOLATION""}}",NEEDS_PROFILE_AND_LAYER_ADAPTER; NOT_DIRECT_PRODUCTION_INPUT,"[""Branch lacks required task/nonce form"", ""Format1 commands use reference npm registry"", ""Policy/attestation/inventory schemas require explicit translation"", ""Repo contains no production manifest/policy/taskindex; local layer only""]"
026-empty,empty,"{""changes"": [{""pathBytesBase64"": ""ZGF0YS5iaW4="", ""path"": ""data.bin"", ""types"": [""ADD""], ""old"": null, ""new"": {""pathBytesBase64"": ""ZGF0YS5iaW4="", ""path"": ""data.bin"", ""mode"": ""100644"", ""kind"": ""blob"", ""oid"": ""e69de29bb2d1d6434b8b29ae775ad8c2e48c5391""}}, {""pathBytesBase64"": ""c3JjL2NsYW1wLnRz"", ""path"": ""src/clamp.ts"", ""types"": [""MODIFY""], ""old"": {""pathBytesBase64"": ""c3JjL2NsYW1wLnRz"", ""path"": ""src/clamp.ts"", ""mode"": ""100644"", ""kind"": ""blob"", ""oid"": ""5c4cb45c09ef842e5dc32c3fca523f274a4767d5""}, ""new"": {""pathBytesBase64"": ""c3JjL2NsYW1wLnRz"", ""path"": ""src/clamp.ts"", ""mode"": ""100644"", ""kind"": ""blob"", ""oid"": ""d21394ab499dbb3bf1e189d35445bf6c1beb3d92""}}], ""gate"": {""outcome"": ""FAIL"", ""code"": ""SCOPE_VIOLATION""}, ""verify"": {""outcome"": ""FAIL"", ""code"": ""SCOPE_VIOLATION""}}",NEEDS_PROFILE_AND_LAYER_ADAPTER; NOT_DIRECT_PRODUCTION_INPUT,"[""Branch lacks required task/nonce form"", ""Format1 commands use reference npm registry"", ""Policy/attestation/inventory schemas require explicit translation"", ""Repo contains no production manifest/policy/taskindex; local layer only""]"
027-rename,rename,"{""changes"": [{""pathBytesBase64"": ""c3JjL2NsYW1wLnRz"", ""path"": ""src/clamp.ts"", ""types"": [""DELETE""], ""old"": {""pathBytesBase64"": ""c3JjL2NsYW1wLnRz"", ""path"": ""src/clamp.ts"", ""mode"": ""100644"", ""kind"": ""blob"", ""oid"": ""5c4cb45c09ef842e5dc32c3fca523f274a4767d5""}, ""new"": null}, {""pathBytesBase64"": ""c3JjL25ldy50cw=="", ""path"": ""src/new.ts"", ""types"": [""ADD""], ""old"": null, ""new"": {""pathBytesBase64"": ""c3JjL25ldy50cw=="", ""path"": ""src/new.ts"", ""mode"": ""100644"", ""kind"": ""blob"", ""oid"": ""d21394ab499dbb3bf1e189d35445bf6c1beb3d92""}}], ""gate"": {""outcome"": ""FAIL"", ""code"": ""SCOPE_VIOLATION""}, ""verify"": {""outcome"": ""FAIL"", ""code"": ""SCOPE_VIOLATION""}}",NEEDS_PROFILE_AND_LAYER_ADAPTER; NOT_DIRECT_PRODUCTION_INPUT,"[""Branch lacks required task/nonce form"", ""Format1 commands use reference npm registry"", ""Policy/attestation/inventory schemas require explicit translation"", ""Repo contains no production manifest/policy/taskindex; local layer only""]"
028-case-rename,case-rename,"{""changes"": [{""pathBytesBase64"": ""c3JjL0NsYW1wLnRz"", ""path"": ""src/Clamp.ts"", ""types"": [""ADD""], ""old"": null, ""new"": {""pathBytesBase64"": ""c3JjL0NsYW1wLnRz"", ""path"": ""src/Clamp.ts"", ""mode"": ""100644"", ""kind"": ""blob"", ""oid"": ""d21394ab499dbb3bf1e189d35445bf6c1beb3d92""}}, {""pathBytesBase64"": ""c3JjL2NsYW1wLnRz"", ""path"": ""src/clamp.ts"", ""types"": [""DELETE""], ""old"": {""pathBytesBase64"": ""c3JjL2NsYW1wLnRz"", ""path"": ""src/clamp.ts"", ""mode"": ""100644"", ""kind"": ""blob"", ""oid"": ""5c4cb45c09ef842e5dc32c3fca523f274a4767d5""}, ""new"": null}], ""gate"": {""outcome"": ""FAIL"", ""code"": ""SCOPE_VIOLATION""}, ""verify"": {""outcome"": ""FAIL"", ""code"": ""SCOPE_VIOLATION""}}",NEEDS_PROFILE_AND_LAYER_ADAPTER; NOT_DIRECT_PRODUCTION_INPUT,"[""Branch lacks required task/nonce form"", ""Format1 commands use reference npm registry"", ""Policy/attestation/inventory schemas require explicit translation"", ""Repo contains no production manifest/policy/taskindex; local layer only""]"
029-mode-only,mode-only,"{""changes"": [{""pathBytesBase64"": ""c3JjL2NsYW1wLnRz"", ""path"": ""src/clamp.ts"", ""types"": [""MODE_CHANGE""], ""old"": {""pathBytesBase64"": ""c3JjL2NsYW1wLnRz"", ""path"": ""src/clamp.ts"", ""mode"": ""100644"", ""kind"": ""blob"", ""oid"": ""5c4cb45c09ef842e5dc32c3fca523f274a4767d5""}, ""new"": {""pathBytesBase64"": ""c3JjL2NsYW1wLnRz"", ""path"": ""src/clamp.ts"", ""mode"": ""100755"", ""kind"": ""blob"", ""oid"": ""5c4cb45c09ef842e5dc32c3fca523f274a4767d5""}}], ""gate"": {""outcome"": ""FAIL"", ""code"": ""SCOPE_VIOLATION""}, ""verify"": {""outcome"": ""FAIL"", ""code"": ""SCOPE_VIOLATION""}}",NEEDS_PROFILE_AND_LAYER_ADAPTER; NOT_DIRECT_PRODUCTION_INPUT,"[""Branch lacks required task/nonce form"", ""Format1 commands use reference npm registry"", ""Policy/attestation/inventory schemas require explicit translation"", ""Repo contains no production manifest/policy/taskindex; local layer only""]"
030-content-mode,content-mode,"{""changes"": [{""pathBytesBase64"": ""c3JjL2NsYW1wLnRz"", ""path"": ""src/clamp.ts"", ""types"": [""MODIFY"", ""MODE_CHANGE""], ""old"": {""pathBytesBase64"": ""c3JjL2NsYW1wLnRz"", ""path"": ""src/clamp.ts"", ""mode"": ""100644"", ""kind"": ""blob"", ""oid"": ""5c4cb45c09ef842e5dc32c3fca523f274a4767d5""}, ""new"": {""pathBytesBase64"": ""c3JjL2NsYW1wLnRz"", ""path"": ""src/clamp.ts"", ""mode"": ""100755"", ""kind"": ""blob"", ""oid"": ""3e5126c4e761fd09582fc517918a1601b218dff0""}}], ""gate"": {""outcome"": ""FAIL"", ""code"": ""SCOPE_VIOLATION""}, ""verify"": {""outcome"": ""FAIL"", ""code"": ""SCOPE_VIOLATION""}}",NEEDS_PROFILE_AND_LAYER_ADAPTER; NOT_DIRECT_PRODUCTION_INPUT,"[""Branch lacks required task/nonce form"", ""Format1 commands use reference npm registry"", ""Policy/attestation/inventory schemas require explicit translation"", ""Repo contains no production manifest/policy/taskindex; local layer only""]"
031-bad-contract,bad-contract,"{""changes"": [{""pathBytesBase64"": ""c3JjL2NsYW1wLnRz"", ""path"": ""src/clamp.ts"", ""types"": [""MODIFY""], ""old"": {""pathBytesBase64"": ""c3JjL2NsYW1wLnRz"", ""path"": ""src/clamp.ts"", ""mode"": ""100644"", ""kind"": ""blob"", ""oid"": ""5c4cb45c09ef842e5dc32c3fca523f274a4767d5""}, ""new"": {""pathBytesBase64"": ""c3JjL2NsYW1wLnRz"", ""path"": ""src/clamp.ts"", ""mode"": ""100644"", ""kind"": ""blob"", ""oid"": ""d21394ab499dbb3bf1e189d35445bf6c1beb3d92""}}], ""gate"": {""outcome"": ""FAIL"", ""code"": ""CONTRACT_INVALID""}, ""verify"": {""outcome"": ""FAIL"", ""code"": ""CONTRACT_INVALID""}}",NEEDS_PROFILE_AND_LAYER_ADAPTER; NOT_DIRECT_PRODUCTION_INPUT,"[""Branch lacks required task/nonce form"", ""Format1 commands use reference npm registry"", ""Policy/attestation/inventory schemas require explicit translation"", ""Repo contains no production manifest/policy/taskindex; local layer only""]"
032-version,version,"{""changes"": [{""pathBytesBase64"": ""c3JjL2NsYW1wLnRz"", ""path"": ""src/clamp.ts"", ""types"": [""MODIFY""], ""old"": {""pathBytesBase64"": ""c3JjL2NsYW1wLnRz"", ""path"": ""src/clamp.ts"", ""mode"": ""100644"", ""kind"": ""blob"", ""oid"": ""5c4cb45c09ef842e5dc32c3fca523f274a4767d5""}, ""new"": {""pathBytesBase64"": ""c3JjL2NsYW1wLnRz"", ""path"": ""src/clamp.ts"", ""mode"": ""100644"", ""kind"": ""blob"", ""oid"": ""d21394ab499dbb3bf1e189d35445bf6c1beb3d92""}}], ""gate"": {""outcome"": ""FAIL"", ""code"": ""CONTRACT_BINDING""}, ""verify"": {""outcome"": ""FAIL"", ""code"": ""CONTRACT_BINDING""}}",NEEDS_PROFILE_AND_LAYER_ADAPTER; NOT_DIRECT_PRODUCTION_INPUT,"[""Branch lacks required task/nonce form"", ""Format1 commands use reference npm registry"", ""Policy/attestation/inventory schemas require explicit translation"", ""Repo contains no production manifest/policy/taskindex; local layer only"", ""Reference-specific task/version/base metadata field must map to actual document/index binding""]"
033-base-binding,base-binding,"{""changes"": [{""pathBytesBase64"": ""c3JjL2NsYW1wLnRz"", ""path"": ""src/clamp.ts"", ""types"": [""MODIFY""], ""old"": {""pathBytesBase64"": ""c3JjL2NsYW1wLnRz"", ""path"": ""src/clamp.ts"", ""mode"": ""100644"", ""kind"": ""blob"", ""oid"": ""5c4cb45c09ef842e5dc32c3fca523f274a4767d5""}, ""new"": {""pathBytesBase64"": ""c3JjL2NsYW1wLnRz"", ""path"": ""src/clamp.ts"", ""mode"": ""100644"", ""kind"": ""blob"", ""oid"": ""d21394ab499dbb3bf1e189d35445bf6c1beb3d92""}}], ""gate"": {""outcome"": ""FAIL"", ""code"": ""CONTRACT_BINDING""}, ""verify"": {""outcome"": ""FAIL"", ""code"": ""CONTRACT_BINDING""}}",NEEDS_PROFILE_AND_LAYER_ADAPTER; NOT_DIRECT_PRODUCTION_INPUT,"[""Branch lacks required task/nonce form"", ""Format1 commands use reference npm registry"", ""Policy/attestation/inventory schemas require explicit translation"", ""Repo contains no production manifest/policy/taskindex; local layer only"", ""Reference-specific task/version/base metadata field must map to actual document/index binding""]"
034-task-binding,task-binding,"{""changes"": [{""pathBytesBase64"": ""c3JjL2NsYW1wLnRz"", ""path"": ""src/clamp.ts"", ""types"": [""MODIFY""], ""old"": {""pathBytesBase64"": ""c3JjL2NsYW1wLnRz"", ""path"": ""src/clamp.ts"", ""mode"": ""100644"", ""kind"": ""blob"", ""oid"": ""5c4cb45c09ef842e5dc32c3fca523f274a4767d5""}, ""new"": {""pathBytesBase64"": ""c3JjL2NsYW1wLnRz"", ""path"": ""src/clamp.ts"", ""mode"": ""100644"", ""kind"": ""blob"", ""oid"": ""d21394ab499dbb3bf1e189d35445bf6c1beb3d92""}}], ""gate"": {""outcome"": ""FAIL"", ""code"": ""CONTRACT_BINDING""}, ""verify"": {""outcome"": ""FAIL"", ""code"": ""CONTRACT_BINDING""}}",NEEDS_PROFILE_AND_LAYER_ADAPTER; NOT_DIRECT_PRODUCTION_INPUT,"[""Branch lacks required task/nonce form"", ""Format1 commands use reference npm registry"", ""Policy/attestation/inventory schemas require explicit translation"", ""Repo contains no production manifest/policy/taskindex; local layer only"", ""Reference-specific task/version/base metadata field must map to actual document/index binding""]"
035-foreign-repo,foreign-repo,"{""changes"": [{""pathBytesBase64"": ""c3JjL2NsYW1wLnRz"", ""path"": ""src/clamp.ts"", ""types"": [""MODIFY""], ""old"": {""pathBytesBase64"": ""c3JjL2NsYW1wLnRz"", ""path"": ""src/clamp.ts"", ""mode"": ""100644"", ""kind"": ""blob"", ""oid"": ""5c4cb45c09ef842e5dc32c3fca523f274a4767d5""}, ""new"": {""pathBytesBase64"": ""c3JjL2NsYW1wLnRz"", ""path"": ""src/clamp.ts"", ""mode"": ""100644"", ""kind"": ""blob"", ""oid"": ""d21394ab499dbb3bf1e189d35445bf6c1beb3d92""}}], ""gate"": {""outcome"": ""FAIL"", ""code"": ""METADATA_INVALID""}, ""verify"": {""outcome"": ""FAIL"", ""code"": ""METADATA_INVALID""}}",NEEDS_PROFILE_AND_LAYER_ADAPTER; NOT_DIRECT_PRODUCTION_INPUT,"[""Branch lacks required task/nonce form"", ""Format1 commands use reference npm registry"", ""Policy/attestation/inventory schemas require explicit translation"", ""Repo contains no production manifest/policy/taskindex; local layer only""]"
036-foreign-author,foreign-author,"{""changes"": [{""pathBytesBase64"": ""c3JjL2NsYW1wLnRz"", ""path"": ""src/clamp.ts"", ""types"": [""MODIFY""], ""old"": {""pathBytesBase64"": ""c3JjL2NsYW1wLnRz"", ""path"": ""src/clamp.ts"", ""mode"": ""100644"", ""kind"": ""blob"", ""oid"": ""5c4cb45c09ef842e5dc32c3fca523f274a4767d5""}, ""new"": {""pathBytesBase64"": ""c3JjL2NsYW1wLnRz"", ""path"": ""src/clamp.ts"", ""mode"": ""100644"", ""kind"": ""blob"", ""oid"": ""d21394ab499dbb3bf1e189d35445bf6c1beb3d92""}}], ""gate"": {""outcome"": ""FAIL"", ""code"": ""METADATA_INVALID""}, ""verify"": {""outcome"": ""FAIL"", ""code"": ""METADATA_INVALID""}}",NEEDS_PROFILE_AND_LAYER_ADAPTER; NOT_DIRECT_PRODUCTION_INPUT,"[""Branch lacks required task/nonce form"", ""Format1 commands use reference npm registry"", ""Policy/attestation/inventory schemas require explicit translation"", ""Repo contains no production manifest/policy/taskindex; local layer only""]"
037-branch,branch,"{""changes"": [{""pathBytesBase64"": ""c3JjL2NsYW1wLnRz"", ""path"": ""src/clamp.ts"", ""types"": [""MODIFY""], ""old"": {""pathBytesBase64"": ""c3JjL2NsYW1wLnRz"", ""path"": ""src/clamp.ts"", ""mode"": ""100644"", ""kind"": ""blob"", ""oid"": ""5c4cb45c09ef842e5dc32c3fca523f274a4767d5""}, ""new"": {""pathBytesBase64"": ""c3JjL2NsYW1wLnRz"", ""path"": ""src/clamp.ts"", ""mode"": ""100644"", ""kind"": ""blob"", ""oid"": ""d21394ab499dbb3bf1e189d35445bf6c1beb3d92""}}], ""gate"": {""outcome"": ""FAIL"", ""code"": ""METADATA_INVALID""}, ""verify"": {""outcome"": ""FAIL"", ""code"": ""METADATA_INVALID""}}",NEEDS_PROFILE_AND_LAYER_ADAPTER; NOT_DIRECT_PRODUCTION_INPUT,"[""Branch lacks required task/nonce form"", ""Format1 commands use reference npm registry"", ""Policy/attestation/inventory schemas require explicit translation"", ""Repo contains no production manifest/policy/taskindex; local layer only""]"
038-closed,closed,"{""changes"": [{""pathBytesBase64"": ""c3JjL2NsYW1wLnRz"", ""path"": ""src/clamp.ts"", ""types"": [""MODIFY""], ""old"": {""pathBytesBase64"": ""c3JjL2NsYW1wLnRz"", ""path"": ""src/clamp.ts"", ""mode"": ""100644"", ""kind"": ""blob"", ""oid"": ""5c4cb45c09ef842e5dc32c3fca523f274a4767d5""}, ""new"": {""pathBytesBase64"": ""c3JjL2NsYW1wLnRz"", ""path"": ""src/clamp.ts"", ""mode"": ""100644"", ""kind"": ""blob"", ""oid"": ""d21394ab499dbb3bf1e189d35445bf6c1beb3d92""}}], ""gate"": {""outcome"": ""FAIL"", ""code"": ""METADATA_INVALID""}, ""verify"": {""outcome"": ""FAIL"", ""code"": ""METADATA_INVALID""}}",NEEDS_PROFILE_AND_LAYER_ADAPTER; NOT_DIRECT_PRODUCTION_INPUT,"[""Branch lacks required task/nonce form"", ""Format1 commands use reference npm registry"", ""Policy/attestation/inventory schemas require explicit translation"", ""Repo contains no production manifest/policy/taskindex; local layer only""]"
039-event,event,"{""changes"": [{""pathBytesBase64"": ""c3JjL2NsYW1wLnRz"", ""path"": ""src/clamp.ts"", ""types"": [""MODIFY""], ""old"": {""pathBytesBase64"": ""c3JjL2NsYW1wLnRz"", ""path"": ""src/clamp.ts"", ""mode"": ""100644"", ""kind"": ""blob"", ""oid"": ""5c4cb45c09ef842e5dc32c3fca523f274a4767d5""}, ""new"": {""pathBytesBase64"": ""c3JjL2NsYW1wLnRz"", ""path"": ""src/clamp.ts"", ""mode"": ""100644"", ""kind"": ""blob"", ""oid"": ""d21394ab499dbb3bf1e189d35445bf6c1beb3d92""}}], ""gate"": {""outcome"": ""FAIL"", ""code"": ""METADATA_INVALID""}, ""verify"": {""outcome"": ""FAIL"", ""code"": ""METADATA_INVALID""}}",NEEDS_PROFILE_AND_LAYER_ADAPTER; NOT_DIRECT_PRODUCTION_INPUT,"[""Branch lacks required task/nonce form"", ""Format1 commands use reference npm registry"", ""Policy/attestation/inventory schemas require explicit translation"", ""Repo contains no production manifest/policy/taskindex; local layer only""]"
040-stale-base,stale-base,"{""changes"": [{""pathBytesBase64"": ""c3JjL2NsYW1wLnRz"", ""path"": ""src/clamp.ts"", ""types"": [""MODIFY""], ""old"": {""pathBytesBase64"": ""c3JjL2NsYW1wLnRz"", ""path"": ""src/clamp.ts"", ""mode"": ""100644"", ""kind"": ""blob"", ""oid"": ""5c4cb45c09ef842e5dc32c3fca523f274a4767d5""}, ""new"": {""pathBytesBase64"": ""c3JjL2NsYW1wLnRz"", ""path"": ""src/clamp.ts"", ""mode"": ""100644"", ""kind"": ""blob"", ""oid"": ""d21394ab499dbb3bf1e189d35445bf6c1beb3d92""}}], ""gate"": {""outcome"": ""FAIL"", ""code"": ""STALE_BASE""}, ""verify"": {""outcome"": ""FAIL"", ""code"": ""STALE_BASE""}}",NEEDS_PROFILE_AND_LAYER_ADAPTER; NOT_DIRECT_PRODUCTION_INPUT,"[""Branch lacks required task/nonce form"", ""Format1 commands use reference npm registry"", ""Policy/attestation/inventory schemas require explicit translation"", ""Repo contains no production manifest/policy/taskindex; local layer only""]"
041-history,history,"{""changes"": [{""pathBytesBase64"": ""c3JjL2NsYW1wLnRz"", ""path"": ""src/clamp.ts"", ""types"": [""MODIFY""], ""old"": {""pathBytesBase64"": ""c3JjL2NsYW1wLnRz"", ""path"": ""src/clamp.ts"", ""mode"": ""100644"", ""kind"": ""blob"", ""oid"": ""5c4cb45c09ef842e5dc32c3fca523f274a4767d5""}, ""new"": {""pathBytesBase64"": ""c3JjL2NsYW1wLnRz"", ""path"": ""src/clamp.ts"", ""mode"": ""100644"", ""kind"": ""blob"", ""oid"": ""d21394ab499dbb3bf1e189d35445bf6c1beb3d92""}}], ""gate"": {""outcome"": ""FAIL"", ""code"": ""HISTORY_INVALID""}, ""verify"": {""outcome"": ""FAIL"", ""code"": ""HISTORY_INVALID""}}",NEEDS_PROFILE_AND_LAYER_ADAPTER; NOT_DIRECT_PRODUCTION_INPUT,"[""Branch lacks required task/nonce form"", ""Format1 commands use reference npm registry"", ""Policy/attestation/inventory schemas require explicit translation"", ""Repo contains no production manifest/policy/taskindex; local layer only""]"
042-limit,limit,"{""changes"": [{""pathBytesBase64"": ""c3JjL2NsYW1wLnRz"", ""path"": ""src/clamp.ts"", ""types"": [""MODIFY""], ""old"": {""pathBytesBase64"": ""c3JjL2NsYW1wLnRz"", ""path"": ""src/clamp.ts"", ""mode"": ""100644"", ""kind"": ""blob"", ""oid"": ""5c4cb45c09ef842e5dc32c3fca523f274a4767d5""}, ""new"": {""pathBytesBase64"": ""c3JjL2NsYW1wLnRz"", ""path"": ""src/clamp.ts"", ""mode"": ""100644"", ""kind"": ""blob"", ""oid"": ""d21394ab499dbb3bf1e189d35445bf6c1beb3d92""}}], ""gate"": {""outcome"": ""FAIL"", ""code"": ""LIMIT_EXCEEDED""}, ""verify"": {""outcome"": ""FAIL"", ""code"": ""LIMIT_EXCEEDED""}}",NEEDS_PROFILE_AND_LAYER_ADAPTER; NOT_DIRECT_PRODUCTION_INPUT,"[""Branch lacks required task/nonce form"", ""Format1 commands use reference npm registry"", ""Policy/attestation/inventory schemas require explicit translation"", ""Repo contains no production manifest/policy/taskindex; local layer only"", ""files=1 is reference-only operator limit; fixed v01 profile does not set this limit""]"
043-missing-check,missing-check,"{""changes"": [{""pathBytesBase64"": ""c3JjL2NsYW1wLnRz"", ""path"": ""src/clamp.ts"", ""types"": [""MODIFY""], ""old"": {""pathBytesBase64"": ""c3JjL2NsYW1wLnRz"", ""path"": ""src/clamp.ts"", ""mode"": ""100644"", ""kind"": ""blob"", ""oid"": ""5c4cb45c09ef842e5dc32c3fca523f274a4767d5""}, ""new"": {""pathBytesBase64"": ""c3JjL2NsYW1wLnRz"", ""path"": ""src/clamp.ts"", ""mode"": ""100644"", ""kind"": ""blob"", ""oid"": ""d21394ab499dbb3bf1e189d35445bf6c1beb3d92""}}], ""gate"": {""outcome"": ""PASS"", ""code"": null}, ""verify"": {""outcome"": ""FAIL"", ""code"": ""CHECK_FAILED""}}",NEEDS_PROFILE_AND_LAYER_ADAPTER; NOT_DIRECT_PRODUCTION_INPUT,"[""Branch lacks required task/nonce form"", ""Format1 commands use reference npm registry"", ""Policy/attestation/inventory schemas require explicit translation"", ""Repo contains no production manifest/policy/taskindex; local layer only""]"
044-wrong-command,wrong-command,"{""changes"": [{""pathBytesBase64"": ""c3JjL2NsYW1wLnRz"", ""path"": ""src/clamp.ts"", ""types"": [""MODIFY""], ""old"": {""pathBytesBase64"": ""c3JjL2NsYW1wLnRz"", ""path"": ""src/clamp.ts"", ""mode"": ""100644"", ""kind"": ""blob"", ""oid"": ""5c4cb45c09ef842e5dc32c3fca523f274a4767d5""}, ""new"": {""pathBytesBase64"": ""c3JjL2NsYW1wLnRz"", ""path"": ""src/clamp.ts"", ""mode"": ""100644"", ""kind"": ""blob"", ""oid"": ""d21394ab499dbb3bf1e189d35445bf6c1beb3d92""}}], ""gate"": {""outcome"": ""PASS"", ""code"": null}, ""verify"": {""outcome"": ""FAIL"", ""code"": ""CHECK_FAILED""}}",NEEDS_PROFILE_AND_LAYER_ADAPTER; NOT_DIRECT_PRODUCTION_INPUT,"[""Branch lacks required task/nonce form"", ""Format1 commands use reference npm registry"", ""Policy/attestation/inventory schemas require explicit translation"", ""Repo contains no production manifest/policy/taskindex; local layer only""]"
045-duplicate-check,duplicate-check,"{""changes"": [{""pathBytesBase64"": ""c3JjL2NsYW1wLnRz"", ""path"": ""src/clamp.ts"", ""types"": [""MODIFY""], ""old"": {""pathBytesBase64"": ""c3JjL2NsYW1wLnRz"", ""path"": ""src/clamp.ts"", ""mode"": ""100644"", ""kind"": ""blob"", ""oid"": ""5c4cb45c09ef842e5dc32c3fca523f274a4767d5""}, ""new"": {""pathBytesBase64"": ""c3JjL2NsYW1wLnRz"", ""path"": ""src/clamp.ts"", ""mode"": ""100644"", ""kind"": ""blob"", ""oid"": ""d21394ab499dbb3bf1e189d35445bf6c1beb3d92""}}], ""gate"": {""outcome"": ""PASS"", ""code"": null}, ""verify"": {""outcome"": ""FAIL"", ""code"": ""CHECK_FAILED""}}",NEEDS_PROFILE_AND_LAYER_ADAPTER; NOT_DIRECT_PRODUCTION_INPUT,"[""Branch lacks required task/nonce form"", ""Format1 commands use reference npm registry"", ""Policy/attestation/inventory schemas require explicit translation"", ""Repo contains no production manifest/policy/taskindex; local layer only""]"
046-missing-mutant,missing-mutant,"{""changes"": [{""pathBytesBase64"": ""c3JjL2NsYW1wLnRz"", ""path"": ""src/clamp.ts"", ""types"": [""MODIFY""], ""old"": {""pathBytesBase64"": ""c3JjL2NsYW1wLnRz"", ""path"": ""src/clamp.ts"", ""mode"": ""100644"", ""kind"": ""blob"", ""oid"": ""5c4cb45c09ef842e5dc32c3fca523f274a4767d5""}, ""new"": {""pathBytesBase64"": ""c3JjL2NsYW1wLnRz"", ""path"": ""src/clamp.ts"", ""mode"": ""100644"", ""kind"": ""blob"", ""oid"": ""d21394ab499dbb3bf1e189d35445bf6c1beb3d92""}}], ""gate"": {""outcome"": ""PASS"", ""code"": null}, ""verify"": {""outcome"": ""FAIL"", ""code"": ""MUTANT_NOT_APPLIED""}}",NEEDS_PROFILE_AND_LAYER_ADAPTER; NOT_DIRECT_PRODUCTION_INPUT,"[""Branch lacks required task/nonce form"", ""Format1 commands use reference npm registry"", ""Policy/attestation/inventory schemas require explicit translation"", ""Repo contains no production manifest/policy/taskindex; local layer only""]"
047-infra-mutant,infra-mutant,"{""changes"": [{""pathBytesBase64"": ""c3JjL2NsYW1wLnRz"", ""path"": ""src/clamp.ts"", ""types"": [""MODIFY""], ""old"": {""pathBytesBase64"": ""c3JjL2NsYW1wLnRz"", ""path"": ""src/clamp.ts"", ""mode"": ""100644"", ""kind"": ""blob"", ""oid"": ""5c4cb45c09ef842e5dc32c3fca523f274a4767d5""}, ""new"": {""pathBytesBase64"": ""c3JjL2NsYW1wLnRz"", ""path"": ""src/clamp.ts"", ""mode"": ""100644"", ""kind"": ""blob"", ""oid"": ""d21394ab499dbb3bf1e189d35445bf6c1beb3d92""}}], ""gate"": {""outcome"": ""PASS"", ""code"": null}, ""verify"": {""outcome"": ""FAIL"", ""code"": ""MUTANT_INFRA_FAILURE""}}",NEEDS_PROFILE_AND_LAYER_ADAPTER; NOT_DIRECT_PRODUCTION_INPUT,"[""Branch lacks required task/nonce form"", ""Format1 commands use reference npm registry"", ""Policy/attestation/inventory schemas require explicit translation"", ""Repo contains no production manifest/policy/taskindex; local layer only""]"
048-revoked,revoked,"{""changes"": [{""pathBytesBase64"": ""c3JjL2NsYW1wLnRz"", ""path"": ""src/clamp.ts"", ""types"": [""MODIFY""], ""old"": {""pathBytesBase64"": ""c3JjL2NsYW1wLnRz"", ""path"": ""src/clamp.ts"", ""mode"": ""100644"", ""kind"": ""blob"", ""oid"": ""5c4cb45c09ef842e5dc32c3fca523f274a4767d5""}, ""new"": {""pathBytesBase64"": ""c3JjL2NsYW1wLnRz"", ""path"": ""src/clamp.ts"", ""mode"": ""100644"", ""kind"": ""blob"", ""oid"": ""d21394ab499dbb3bf1e189d35445bf6c1beb3d92""}}], ""gate"": {""outcome"": ""PASS"", ""code"": null}, ""verify"": {""outcome"": ""FAIL"", ""code"": ""ATTESTATION_INVALID""}}",NEEDS_PROFILE_AND_LAYER_ADAPTER; NOT_DIRECT_PRODUCTION_INPUT,"[""Branch lacks required task/nonce form"", ""Format1 commands use reference npm registry"", ""Policy/attestation/inventory schemas require explicit translation"", ""Repo contains no production manifest/policy/taskindex; local layer only"", ""Synthetic witness is not complete latest paginated GitHub review/run/final snapshots""]"
049-wrong-owner,wrong-owner,"{""changes"": [{""pathBytesBase64"": ""c3JjL2NsYW1wLnRz"", ""path"": ""src/clamp.ts"", ""types"": [""MODIFY""], ""old"": {""pathBytesBase64"": ""c3JjL2NsYW1wLnRz"", ""path"": ""src/clamp.ts"", ""mode"": ""100644"", ""kind"": ""blob"", ""oid"": ""5c4cb45c09ef842e5dc32c3fca523f274a4767d5""}, ""new"": {""pathBytesBase64"": ""c3JjL2NsYW1wLnRz"", ""path"": ""src/clamp.ts"", ""mode"": ""100644"", ""kind"": ""blob"", ""oid"": ""d21394ab499dbb3bf1e189d35445bf6c1beb3d92""}}], ""gate"": {""outcome"": ""PASS"", ""code"": null}, ""verify"": {""outcome"": ""FAIL"", ""code"": ""ATTESTATION_INVALID""}}",NEEDS_PROFILE_AND_LAYER_ADAPTER; NOT_DIRECT_PRODUCTION_INPUT,"[""Branch lacks required task/nonce form"", ""Format1 commands use reference npm registry"", ""Policy/attestation/inventory schemas require explicit translation"", ""Repo contains no production manifest/policy/taskindex; local layer only"", ""Synthetic witness is not complete latest paginated GitHub review/run/final snapshots""]"
050-initial-run,initial-run,"{""changes"": [{""pathBytesBase64"": ""c3JjL2NsYW1wLnRz"", ""path"": ""src/clamp.ts"", ""types"": [""MODIFY""], ""old"": {""pathBytesBase64"": ""c3JjL2NsYW1wLnRz"", ""path"": ""src/clamp.ts"", ""mode"": ""100644"", ""kind"": ""blob"", ""oid"": ""5c4cb45c09ef842e5dc32c3fca523f274a4767d5""}, ""new"": {""pathBytesBase64"": ""c3JjL2NsYW1wLnRz"", ""path"": ""src/clamp.ts"", ""mode"": ""100644"", ""kind"": ""blob"", ""oid"": ""d21394ab499dbb3bf1e189d35445bf6c1beb3d92""}}], ""gate"": {""outcome"": ""PASS"", ""code"": null}, ""verify"": {""outcome"": ""FAIL"", ""code"": ""ATTESTATION_INVALID""}}",NEEDS_PROFILE_AND_LAYER_ADAPTER; NOT_DIRECT_PRODUCTION_INPUT,"[""Branch lacks required task/nonce form"", ""Format1 commands use reference npm registry"", ""Policy/attestation/inventory schemas require explicit translation"", ""Repo contains no production manifest/policy/taskindex; local layer only"", ""Synthetic witness is not complete latest paginated GitHub review/run/final snapshots""]"
051-wrong-trigger,wrong-trigger,"{""changes"": [{""pathBytesBase64"": ""c3JjL2NsYW1wLnRz"", ""path"": ""src/clamp.ts"", ""types"": [""MODIFY""], ""old"": {""pathBytesBase64"": ""c3JjL2NsYW1wLnRz"", ""path"": ""src/clamp.ts"", ""mode"": ""100644"", ""kind"": ""blob"", ""oid"": ""5c4cb45c09ef842e5dc32c3fca523f274a4767d5""}, ""new"": {""pathBytesBase64"": ""c3JjL2NsYW1wLnRz"", ""path"": ""src/clamp.ts"", ""mode"": ""100644"", ""kind"": ""blob"", ""oid"": ""d21394ab499dbb3bf1e189d35445bf6c1beb3d92""}}], ""gate"": {""outcome"": ""PASS"", ""code"": null}, ""verify"": {""outcome"": ""FAIL"", ""code"": ""ATTESTATION_INVALID""}}",NEEDS_PROFILE_AND_LAYER_ADAPTER; NOT_DIRECT_PRODUCTION_INPUT,"[""Branch lacks required task/nonce form"", ""Format1 commands use reference npm registry"", ""Policy/attestation/inventory schemas require explicit translation"", ""Repo contains no production manifest/policy/taskindex; local layer only"", ""Synthetic witness is not complete latest paginated GitHub review/run/final snapshots""]"
052-wrong-report,wrong-report,"{""changes"": [{""pathBytesBase64"": ""c3JjL2NsYW1wLnRz"", ""path"": ""src/clamp.ts"", ""types"": [""MODIFY""], ""old"": {""pathBytesBase64"": ""c3JjL2NsYW1wLnRz"", ""path"": ""src/clamp.ts"", ""mode"": ""100644"", ""kind"": ""blob"", ""oid"": ""5c4cb45c09ef842e5dc32c3fca523f274a4767d5""}, ""new"": {""pathBytesBase64"": ""c3JjL2NsYW1wLnRz"", ""path"": ""src/clamp.ts"", ""mode"": ""100644"", ""kind"": ""blob"", ""oid"": ""d21394ab499dbb3bf1e189d35445bf6c1beb3d92""}}], ""gate"": {""outcome"": ""PASS"", ""code"": null}, ""verify"": {""outcome"": ""FAIL"", ""code"": ""ATTESTATION_INVALID""}}",NEEDS_PROFILE_AND_LAYER_ADAPTER; NOT_DIRECT_PRODUCTION_INPUT,"[""Branch lacks required task/nonce form"", ""Format1 commands use reference npm registry"", ""Policy/attestation/inventory schemas require explicit translation"", ""Repo contains no production manifest/policy/taskindex; local layer only"", ""Synthetic witness is not complete latest paginated GitHub review/run/final snapshots""]"
053-todo,todo,"{""changes"": [{""pathBytesBase64"": ""c3JjL2NsYW1wLnRz"", ""path"": ""src/clamp.ts"", ""types"": [""MODIFY""], ""old"": {""pathBytesBase64"": ""c3JjL2NsYW1wLnRz"", ""path"": ""src/clamp.ts"", ""mode"": ""100644"", ""kind"": ""blob"", ""oid"": ""5c4cb45c09ef842e5dc32c3fca523f274a4767d5""}, ""new"": {""pathBytesBase64"": ""c3JjL2NsYW1wLnRz"", ""path"": ""src/clamp.ts"", ""mode"": ""100644"", ""kind"": ""blob"", ""oid"": ""d21394ab499dbb3bf1e189d35445bf6c1beb3d92""}}], ""gate"": {""outcome"": ""PASS"", ""code"": null}, ""verify"": {""outcome"": ""FAIL"", ""code"": ""TEST_NOT_PASSED""}}",NEEDS_PROFILE_AND_LAYER_ADAPTER; NOT_DIRECT_PRODUCTION_INPUT,"[""Branch lacks required task/nonce form"", ""Format1 commands use reference npm registry"", ""Policy/attestation/inventory schemas require explicit translation"", ""Repo contains no production manifest/policy/taskindex; local layer only""]"
054-new-tests,new-tests,"{""changes"": [{""pathBytesBase64"": ""c3JjL2NsYW1wLnRz"", ""path"": ""src/clamp.ts"", ""types"": [""MODIFY""], ""old"": {""pathBytesBase64"": ""c3JjL2NsYW1wLnRz"", ""path"": ""src/clamp.ts"", ""mode"": ""100644"", ""kind"": ""blob"", ""oid"": ""5c4cb45c09ef842e5dc32c3fca523f274a4767d5""}, ""new"": {""pathBytesBase64"": ""c3JjL2NsYW1wLnRz"", ""path"": ""src/clamp.ts"", ""mode"": ""100644"", ""kind"": ""blob"", ""oid"": ""d21394ab499dbb3bf1e189d35445bf6c1beb3d92""}}], ""gate"": {""outcome"": ""PASS"", ""code"": null}, ""verify"": {""outcome"": ""PASS"", ""code"": null}}",NEEDS_PROFILE_AND_LAYER_ADAPTER; NOT_DIRECT_PRODUCTION_INPUT,"[""Branch lacks required task/nonce form"", ""Format1 commands use reference npm registry"", ""Policy/attestation/inventory schemas require explicit translation"", ""Repo contains no production manifest/policy/taskindex; local layer only"", ""Added identities in existing file are disallowed by production freeze; layer-level collection tests only""]"
055-duplicate-title,duplicate-title,"{""changes"": [{""pathBytesBase64"": ""c3JjL2NsYW1wLnRz"", ""path"": ""src/clamp.ts"", ""types"": [""MODIFY""], ""old"": {""pathBytesBase64"": ""c3JjL2NsYW1wLnRz"", ""path"": ""src/clamp.ts"", ""mode"": ""100644"", ""kind"": ""blob"", ""oid"": ""5c4cb45c09ef842e5dc32c3fca523f274a4767d5""}, ""new"": {""pathBytesBase64"": ""c3JjL2NsYW1wLnRz"", ""path"": ""src/clamp.ts"", ""mode"": ""100644"", ""kind"": ""blob"", ""oid"": ""d21394ab499dbb3bf1e189d35445bf6c1beb3d92""}}], ""gate"": {""outcome"": ""PASS"", ""code"": null}, ""verify"": {""outcome"": ""PASS"", ""code"": null}}",NEEDS_PROFILE_AND_LAYER_ADAPTER; NOT_DIRECT_PRODUCTION_INPUT,"[""Branch lacks required task/nonce form"", ""Format1 commands use reference npm registry"", ""Policy/attestation/inventory schemas require explicit translation"", ""Repo contains no production manifest/policy/taskindex; local layer only"", ""Added identities in existing file are disallowed by production freeze; layer-level collection tests only""]"
056-parameterized,parameterized,"{""changes"": [{""pathBytesBase64"": ""c3JjL2NsYW1wLnRz"", ""path"": ""src/clamp.ts"", ""types"": [""MODIFY""], ""old"": {""pathBytesBase64"": ""c3JjL2NsYW1wLnRz"", ""path"": ""src/clamp.ts"", ""mode"": ""100644"", ""kind"": ""blob"", ""oid"": ""5c4cb45c09ef842e5dc32c3fca523f274a4767d5""}, ""new"": {""pathBytesBase64"": ""c3JjL2NsYW1wLnRz"", ""path"": ""src/clamp.ts"", ""mode"": ""100644"", ""kind"": ""blob"", ""oid"": ""d21394ab499dbb3bf1e189d35445bf6c1beb3d92""}}], ""gate"": {""outcome"": ""PASS"", ""code"": null}, ""verify"": {""outcome"": ""PASS"", ""code"": null}}",NEEDS_PROFILE_AND_LAYER_ADAPTER; NOT_DIRECT_PRODUCTION_INPUT,"[""Branch lacks required task/nonce form"", ""Format1 commands use reference npm registry"", ""Policy/attestation/inventory schemas require explicit translation"", ""Repo contains no production manifest/policy/taskindex; local layer only"", ""Added identities in existing file are disallowed by production freeze; layer-level collection tests only""]"
057-config-shrink,config-shrink,"{""changes"": [{""pathBytesBase64"": ""c3JjL2NsYW1wLnRz"", ""path"": ""src/clamp.ts"", ""types"": [""MODIFY""], ""old"": {""pathBytesBase64"": ""c3JjL2NsYW1wLnRz"", ""path"": ""src/clamp.ts"", ""mode"": ""100644"", ""kind"": ""blob"", ""oid"": ""5c4cb45c09ef842e5dc32c3fca523f274a4767d5""}, ""new"": {""pathBytesBase64"": ""c3JjL2NsYW1wLnRz"", ""path"": ""src/clamp.ts"", ""mode"": ""100644"", ""kind"": ""blob"", ""oid"": ""d21394ab499dbb3bf1e189d35445bf6c1beb3d92""}}], ""gate"": {""outcome"": ""PASS"", ""code"": null}, ""verify"": {""outcome"": ""FAIL"", ""code"": ""BASELINE_TEST_LOST""}}",NEEDS_PROFILE_AND_LAYER_ADAPTER; NOT_DIRECT_PRODUCTION_INPUT,"[""Branch lacks required task/nonce form"", ""Format1 commands use reference npm registry"", ""Policy/attestation/inventory schemas require explicit translation"", ""Repo contains no production manifest/policy/taskindex; local layer only"", ""Inventory layer injected witness only; full static gate rejects earlier""]"
058-removed-plus-added,removed-plus-added,"{""changes"": [{""pathBytesBase64"": ""c3JjL2NsYW1wLnRz"", ""path"": ""src/clamp.ts"", ""types"": [""MODIFY""], ""old"": {""pathBytesBase64"": ""c3JjL2NsYW1wLnRz"", ""path"": ""src/clamp.ts"", ""mode"": ""100644"", ""kind"": ""blob"", ""oid"": ""5c4cb45c09ef842e5dc32c3fca523f274a4767d5""}, ""new"": {""pathBytesBase64"": ""c3JjL2NsYW1wLnRz"", ""path"": ""src/clamp.ts"", ""mode"": ""100644"", ""kind"": ""blob"", ""oid"": ""d21394ab499dbb3bf1e189d35445bf6c1beb3d92""}}], ""gate"": {""outcome"": ""PASS"", ""code"": null}, ""verify"": {""outcome"": ""FAIL"", ""code"": ""BASELINE_TEST_LOST""}}",NEEDS_PROFILE_AND_LAYER_ADAPTER; NOT_DIRECT_PRODUCTION_INPUT,"[""Branch lacks required task/nonce form"", ""Format1 commands use reference npm registry"", ""Policy/attestation/inventory schemas require explicit translation"", ""Repo contains no production manifest/policy/taskindex; local layer only"", ""Inventory layer injected witness only; full static gate rejects earlier""]"
059-no-attestation,no-attestation,"{""changes"": [{""pathBytesBase64"": ""c3JjL2NsYW1wLnRz"", ""path"": ""src/clamp.ts"", ""types"": [""MODIFY""], ""old"": {""pathBytesBase64"": ""c3JjL2NsYW1wLnRz"", ""path"": ""src/clamp.ts"", ""mode"": ""100644"", ""kind"": ""blob"", ""oid"": ""5c4cb45c09ef842e5dc32c3fca523f274a4767d5""}, ""new"": {""pathBytesBase64"": ""c3JjL2NsYW1wLnRz"", ""path"": ""src/clamp.ts"", ""mode"": ""100644"", ""kind"": ""blob"", ""oid"": ""d21394ab499dbb3bf1e189d35445bf6c1beb3d92""}}], ""gate"": {""outcome"": ""PASS"", ""code"": null}, ""verify"": {""outcome"": ""FAIL"", ""code"": ""ATTESTATION_INVALID""}}",NEEDS_PROFILE_AND_LAYER_ADAPTER; NOT_DIRECT_PRODUCTION_INPUT,"[""Branch lacks required task/nonce form"", ""Format1 commands use reference npm registry"", ""Policy/attestation/inventory schemas require explicit translation"", ""Repo contains no production manifest/policy/taskindex; local layer only"", ""Synthetic witness is not complete latest paginated GitHub review/run/final snapshots""]"
060-legitimate,legitimate,"{""changes"": [{""pathBytesBase64"": ""c3JjL2NsYW1wLnRz"", ""path"": ""src/clamp.ts"", ""types"": [""MODIFY""], ""old"": {""pathBytesBase64"": ""c3JjL2NsYW1wLnRz"", ""path"": ""src/clamp.ts"", ""mode"": ""100644"", ""kind"": ""blob"", ""oid"": ""5c4cb45c09ef842e5dc32c3fca523f274a4767d5""}, ""new"": {""pathBytesBase64"": ""c3JjL2NsYW1wLnRz"", ""path"": ""src/clamp.ts"", ""mode"": ""100644"", ""kind"": ""blob"", ""oid"": ""d21394ab499dbb3bf1e189d35445bf6c1beb3d92""}}], ""gate"": {""outcome"": ""PASS"", ""code"": null}, ""verify"": {""outcome"": ""PASS"", ""code"": null}}",NEEDS_PROFILE_AND_LAYER_ADAPTER; NOT_DIRECT_PRODUCTION_INPUT,"[""Branch lacks required task/nonce form"", ""Format1 commands use reference npm registry"", ""Policy/attestation/inventory schemas require explicit translation"", ""Repo contains no production manifest/policy/taskindex; local layer only"", ""Reference fixture includes merge HEAD; production requires all new commits single parent""]"
061-scope,scope,"{""changes"": [{""pathBytesBase64"": ""c3JjL2NsYW1wLnRz"", ""path"": ""src/clamp.ts"", ""types"": [""MODIFY""], ""old"": {""pathBytesBase64"": ""c3JjL2NsYW1wLnRz"", ""path"": ""src/clamp.ts"", ""mode"": ""100644"", ""kind"": ""blob"", ""oid"": ""5c4cb45c09ef842e5dc32c3fca523f274a4767d5""}, ""new"": {""pathBytesBase64"": ""c3JjL2NsYW1wLnRz"", ""path"": ""src/clamp.ts"", ""mode"": ""100644"", ""kind"": ""blob"", ""oid"": ""d21394ab499dbb3bf1e189d35445bf6c1beb3d92""}}, {""pathBytesBase64"": ""c3JjL290aGVyLnRz"", ""path"": ""src/other.ts"", ""types"": [""MODIFY""], ""old"": {""pathBytesBase64"": ""c3JjL290aGVyLnRz"", ""path"": ""src/other.ts"", ""mode"": ""100644"", ""kind"": ""blob"", ""oid"": ""b960b84d4b898b04800fab0948190d7d3f70ea1e""}, ""new"": {""pathBytesBase64"": ""c3JjL290aGVyLnRz"", ""path"": ""src/other.ts"", ""mode"": ""100644"", ""kind"": ""blob"", ""oid"": ""21fb1eca31e64cd3914025058b21992ab76edcf9""}}], ""gate"": {""outcome"": ""FAIL"", ""code"": ""SCOPE_VIOLATION""}, ""verify"": {""outcome"": ""FAIL"", ""code"": ""SCOPE_VIOLATION""}}",NEEDS_PROFILE_AND_LAYER_ADAPTER; NOT_DIRECT_PRODUCTION_INPUT,"[""Branch lacks required task/nonce form"", ""Format1 commands use reference npm registry"", ""Policy/attestation/inventory schemas require explicit translation"", ""Repo contains no production manifest/policy/taskindex; local layer only""]"
062-deleted-test,deleted-test,"{""changes"": [{""pathBytesBase64"": ""c3JjL2NsYW1wLnRz"", ""path"": ""src/clamp.ts"", ""types"": [""MODIFY""], ""old"": {""pathBytesBase64"": ""c3JjL2NsYW1wLnRz"", ""path"": ""src/clamp.ts"", ""mode"": ""100644"", ""kind"": ""blob"", ""oid"": ""5c4cb45c09ef842e5dc32c3fca523f274a4767d5""}, ""new"": {""pathBytesBase64"": ""c3JjL2NsYW1wLnRz"", ""path"": ""src/clamp.ts"", ""mode"": ""100644"", ""kind"": ""blob"", ""oid"": ""d21394ab499dbb3bf1e189d35445bf6c1beb3d92""}}, {""pathBytesBase64"": ""dGVzdHMvY2xhbXAudGVzdC50cw=="", ""path"": ""tests/clamp.test.ts"", ""types"": [""DELETE""], ""old"": {""pathBytesBase64"": ""dGVzdHMvY2xhbXAudGVzdC50cw=="", ""path"": ""tests/clamp.test.ts"", ""mode"": ""100644"", ""kind"": ""blob"", ""oid"": ""3ecc867d39c2e279ab813e0942be19b3dd070619""}, ""new"": null}], ""gate"": {""outcome"": ""FAIL"", ""code"": ""TEST_FROZEN""}, ""verify"": {""outcome"": ""FAIL"", ""code"": ""TEST_FROZEN""}}",NEEDS_PROFILE_AND_LAYER_ADAPTER; NOT_DIRECT_PRODUCTION_INPUT,"[""Branch lacks required task/nonce form"", ""Format1 commands use reference npm registry"", ""Policy/attestation/inventory schemas require explicit translation"", ""Repo contains no production manifest/policy/taskindex; local layer only""]"
063-skipped-test,skipped-test,"{""changes"": [{""pathBytesBase64"": ""c3JjL2NsYW1wLnRz"", ""path"": ""src/clamp.ts"", ""types"": [""MODIFY""], ""old"": {""pathBytesBase64"": ""c3JjL2NsYW1wLnRz"", ""path"": ""src/clamp.ts"", ""mode"": ""100644"", ""kind"": ""blob"", ""oid"": ""5c4cb45c09ef842e5dc32c3fca523f274a4767d5""}, ""new"": {""pathBytesBase64"": ""c3JjL2NsYW1wLnRz"", ""path"": ""src/clamp.ts"", ""mode"": ""100644"", ""kind"": ""blob"", ""oid"": ""d21394ab499dbb3bf1e189d35445bf6c1beb3d92""}}, {""pathBytesBase64"": ""dGVzdHMvY2xhbXAudGVzdC50cw=="", ""path"": ""tests/clamp.test.ts"", ""types"": [""MODIFY""], ""old"": {""pathBytesBase64"": ""dGVzdHMvY2xhbXAudGVzdC50cw=="", ""path"": ""tests/clamp.test.ts"", ""mode"": ""100644"", ""kind"": ""blob"", ""oid"": ""3ecc867d39c2e279ab813e0942be19b3dd070619""}, ""new"": {""pathBytesBase64"": ""dGVzdHMvY2xhbXAudGVzdC50cw=="", ""path"": ""tests/clamp.test.ts"", ""mode"": ""100644"", ""kind"": ""blob"", ""oid"": ""1d2c107fcfa50551948ddc408eb410709756cd51""}}], ""gate"": {""outcome"": ""FAIL"", ""code"": ""TEST_FROZEN""}, ""verify"": {""outcome"": ""FAIL"", ""code"": ""TEST_FROZEN""}}",NEEDS_PROFILE_AND_LAYER_ADAPTER; NOT_DIRECT_PRODUCTION_INPUT,"[""Branch lacks required task/nonce form"", ""Format1 commands use reference npm registry"", ""Policy/attestation/inventory schemas require explicit translation"", ""Repo contains no production manifest/policy/taskindex; local layer only""]"
064-config,config,"{""changes"": [{""pathBytesBase64"": ""c3JjL2NsYW1wLnRz"", ""path"": ""src/clamp.ts"", ""types"": [""MODIFY""], ""old"": {""pathBytesBase64"": ""c3JjL2NsYW1wLnRz"", ""path"": ""src/clamp.ts"", ""mode"": ""100644"", ""kind"": ""blob"", ""oid"": ""5c4cb45c09ef842e5dc32c3fca523f274a4767d5""}, ""new"": {""pathBytesBase64"": ""c3JjL2NsYW1wLnRz"", ""path"": ""src/clamp.ts"", ""mode"": ""100644"", ""kind"": ""blob"", ""oid"": ""d21394ab499dbb3bf1e189d35445bf6c1beb3d92""}}, {""pathBytesBase64"": ""dml0ZXN0LmNvbmZpZy5tanM="", ""path"": ""vitest.config.mjs"", ""types"": [""ADD""], ""old"": null, ""new"": {""pathBytesBase64"": ""dml0ZXN0LmNvbmZpZy5tanM="", ""path"": ""vitest.config.mjs"", ""mode"": ""100644"", ""kind"": ""blob"", ""oid"": ""7c645e42fb75c2cb63a74ee7081fba37f511818e""}}], ""gate"": {""outcome"": ""FAIL"", ""code"": ""PROTECTED_PATH""}, ""verify"": {""outcome"": ""FAIL"", ""code"": ""PROTECTED_PATH""}}",NEEDS_PROFILE_AND_LAYER_ADAPTER; NOT_DIRECT_PRODUCTION_INPUT,"[""Branch lacks required task/nonce form"", ""Format1 commands use reference npm registry"", ""Policy/attestation/inventory schemas require explicit translation"", ""Repo contains no production manifest/policy/taskindex; local layer only""]"
065-protected,protected,"{""changes"": [{""pathBytesBase64"": ""LmdpdGh1Yi93b3JrZmxvd3MvZXZpbC55bWw="", ""path"": "".github/workflows/evil.yml"", ""types"": [""ADD""], ""old"": null, ""new"": {""pathBytesBase64"": ""LmdpdGh1Yi93b3JrZmxvd3MvZXZpbC55bWw="", ""path"": "".github/workflows/evil.yml"", ""mode"": ""100644"", ""kind"": ""blob"", ""oid"": ""389d7117956ddd977d601b33cdf95aa8f29c201e""}}, {""pathBytesBase64"": ""c3JjL2NsYW1wLnRz"", ""path"": ""src/clamp.ts"", ""types"": [""MODIFY""], ""old"": {""pathBytesBase64"": ""c3JjL2NsYW1wLnRz"", ""path"": ""src/clamp.ts"", ""mode"": ""100644"", ""kind"": ""blob"", ""oid"": ""5c4cb45c09ef842e5dc32c3fca523f274a4767d5""}, ""new"": {""pathBytesBase64"": ""c3JjL2NsYW1wLnRz"", ""path"": ""src/clamp.ts"", ""mode"": ""100644"", ""kind"": ""blob"", ""oid"": ""d21394ab499dbb3bf1e189d35445bf6c1beb3d92""}}], ""gate"": {""outcome"": ""FAIL"", ""code"": ""PROTECTED_PATH""}, ""verify"": {""outcome"": ""FAIL"", ""code"": ""PROTECTED_PATH""}}",NEEDS_PROFILE_AND_LAYER_ADAPTER; NOT_DIRECT_PRODUCTION_INPUT,"[""Branch lacks required task/nonce form"", ""Format1 commands use reference npm registry"", ""Policy/attestation/inventory schemas require explicit translation"", ""Repo contains no production manifest/policy/taskindex; local layer only""]"
066-extra,extra,"{""changes"": [{""pathBytesBase64"": ""bm90ZXMudHh0"", ""path"": ""notes.txt"", ""types"": [""ADD""], ""old"": null, ""new"": {""pathBytesBase64"": ""bm90ZXMudHh0"", ""path"": ""notes.txt"", ""mode"": ""100644"", ""kind"": ""blob"", ""oid"": ""3041adec9105ce2abb98307afd1f4aeb2e97c504""}}, {""pathBytesBase64"": ""c3JjL2NsYW1wLnRz"", ""path"": ""src/clamp.ts"", ""types"": [""MODIFY""], ""old"": {""pathBytesBase64"": ""c3JjL2NsYW1wLnRz"", ""path"": ""src/clamp.ts"", ""mode"": ""100644"", ""kind"": ""blob"", ""oid"": ""5c4cb45c09ef842e5dc32c3fca523f274a4767d5""}, ""new"": {""pathBytesBase64"": ""c3JjL2NsYW1wLnRz"", ""path"": ""src/clamp.ts"", ""mode"": ""100644"", ""kind"": ""blob"", ""oid"": ""d21394ab499dbb3bf1e189d35445bf6c1beb3d92""}}], ""gate"": {""outcome"": ""FAIL"", ""code"": ""SCOPE_VIOLATION""}, ""verify"": {""outcome"": ""FAIL"", ""code"": ""SCOPE_VIOLATION""}}",NEEDS_PROFILE_AND_LAYER_ADAPTER; NOT_DIRECT_PRODUCTION_INPUT,"[""Branch lacks required task/nonce form"", ""Format1 commands use reference npm registry"", ""Policy/attestation/inventory schemas require explicit translation"", ""Repo contains no production manifest/policy/taskindex; local layer only""]"
067-survived,survived,"{""changes"": [{""pathBytesBase64"": ""c3JjL2NsYW1wLnRz"", ""path"": ""src/clamp.ts"", ""types"": [""MODIFY""], ""old"": {""pathBytesBase64"": ""c3JjL2NsYW1wLnRz"", ""path"": ""src/clamp.ts"", ""mode"": ""100644"", ""kind"": ""blob"", ""oid"": ""5c4cb45c09ef842e5dc32c3fca523f274a4767d5""}, ""new"": {""pathBytesBase64"": ""c3JjL2NsYW1wLnRz"", ""path"": ""src/clamp.ts"", ""mode"": ""100644"", ""kind"": ""blob"", ""oid"": ""d21394ab499dbb3bf1e189d35445bf6c1beb3d92""}}], ""gate"": {""outcome"": ""PASS"", ""code"": null}, ""verify"": {""outcome"": ""FAIL"", ""code"": ""MUTANT_SURVIVED""}}",NEEDS_PROFILE_AND_LAYER_ADAPTER; NOT_DIRECT_PRODUCTION_INPUT,"[""Branch lacks required task/nonce form"", ""Format1 commands use reference npm registry"", ""Policy/attestation/inventory schemas require explicit translation"", ""Repo contains no production manifest/policy/taskindex; local layer only""]"
068-stale,stale,"{""changes"": [{""pathBytesBase64"": ""c3JjL2NsYW1wLnRz"", ""path"": ""src/clamp.ts"", ""types"": [""MODIFY""], ""old"": {""pathBytesBase64"": ""c3JjL2NsYW1wLnRz"", ""path"": ""src/clamp.ts"", ""mode"": ""100644"", ""kind"": ""blob"", ""oid"": ""5c4cb45c09ef842e5dc32c3fca523f274a4767d5""}, ""new"": {""pathBytesBase64"": ""c3JjL2NsYW1wLnRz"", ""path"": ""src/clamp.ts"", ""mode"": ""100644"", ""kind"": ""blob"", ""oid"": ""d21394ab499dbb3bf1e189d35445bf6c1beb3d92""}}], ""gate"": {""outcome"": ""FAIL"", ""code"": ""STALE_HEAD""}, ""verify"": {""outcome"": ""FAIL"", ""code"": ""STALE_HEAD""}}",NEEDS_PROFILE_AND_LAYER_ADAPTER; NOT_DIRECT_PRODUCTION_INPUT,"[""Branch lacks required task/nonce form"", ""Format1 commands use reference npm registry"", ""Policy/attestation/inventory schemas require explicit translation"", ""Repo contains no production manifest/policy/taskindex; local layer only""]"
069-invalid-utf8,invalid-utf8,"{""changes"": [{""pathBytesBase64"": ""YmFk/w=="", ""path"": ""bad\\xff"", ""types"": [""ADD""], ""old"": null, ""new"": {""pathBytesBase64"": ""YmFk/w=="", ""path"": ""bad\\xff"", ""mode"": ""100644"", ""kind"": ""blob"", ""oid"": ""c1b0730e0133447badcfd47fd144e254807b06e1""}}, {""pathBytesBase64"": ""c3JjL2NsYW1wLnRz"", ""path"": ""src/clamp.ts"", ""types"": [""MODIFY""], ""old"": {""pathBytesBase64"": ""c3JjL2NsYW1wLnRz"", ""path"": ""src/clamp.ts"", ""mode"": ""100644"", ""kind"": ""blob"", ""oid"": ""5c4cb45c09ef842e5dc32c3fca523f274a4767d5""}, ""new"": {""pathBytesBase64"": ""c3JjL2NsYW1wLnRz"", ""path"": ""src/clamp.ts"", ""mode"": ""100644"", ""kind"": ""blob"", ""oid"": ""d21394ab499dbb3bf1e189d35445bf6c1beb3d92""}}], ""gate"": {""outcome"": ""FAIL"", ""code"": ""PATH_UNSAFE""}, ""verify"": {""outcome"": ""FAIL"", ""code"": ""PATH_UNSAFE""}}",NEEDS_PROFILE_AND_LAYER_ADAPTER; NOT_DIRECT_PRODUCTION_INPUT,"[""Branch lacks required task/nonce form"", ""Format1 commands use reference npm registry"", ""Policy/attestation/inventory schemas require explicit translation"", ""Repo contains no production manifest/policy/taskindex; local layer only""]"
070-control,control,"{""changes"": [{""pathBytesBase64"": ""YQoJ"", ""path"": ""a\n\t"", ""types"": [""ADD""], ""old"": null, ""new"": {""pathBytesBase64"": ""YQoJ"", ""path"": ""a\n\t"", ""mode"": ""100644"", ""kind"": ""blob"", ""oid"": ""c1b0730e0133447badcfd47fd144e254807b06e1""}}, {""pathBytesBase64"": ""c3JjL2NsYW1wLnRz"", ""path"": ""src/clamp.ts"", ""types"": [""MODIFY""], ""old"": {""pathBytesBase64"": ""c3JjL2NsYW1wLnRz"", ""path"": ""src/clamp.ts"", ""mode"": ""100644"", ""kind"": ""blob"", ""oid"": ""5c4cb45c09ef842e5dc32c3fca523f274a4767d5""}, ""new"": {""pathBytesBase64"": ""c3JjL2NsYW1wLnRz"", ""path"": ""src/clamp.ts"", ""mode"": ""100644"", ""kind"": ""blob"", ""oid"": ""d21394ab499dbb3bf1e189d35445bf6c1beb3d92""}}], ""gate"": {""outcome"": ""FAIL"", ""code"": ""PATH_UNSAFE""}, ""verify"": {""outcome"": ""FAIL"", ""code"": ""PATH_UNSAFE""}}",NEEDS_PROFILE_AND_LAYER_ADAPTER; NOT_DIRECT_PRODUCTION_INPUT,"[""Branch lacks required task/nonce form"", ""Format1 commands use reference npm registry"", ""Policy/attestation/inventory schemas require explicit translation"", ""Repo contains no production manifest/policy/taskindex; local layer only""]"
071-del,del,"{""changes"": [{""pathBytesBase64"": ""YX8="", ""path"": ""a"", ""types"": [""ADD""], ""old"": null, ""new"": {""pathBytesBase64"": ""YX8="", ""path"": ""a"", ""mode"": ""100644"", ""kind"": ""blob"", ""oid"": ""c1b0730e0133447badcfd47fd144e254807b06e1""}}, {""pathBytesBase64"": ""c3JjL2NsYW1wLnRz"", ""path"": ""src/clamp.ts"", ""types"": [""MODIFY""], ""old"": {""pathBytesBase64"": ""c3JjL2NsYW1wLnRz"", ""path"": ""src/clamp.ts"", ""mode"": ""100644"", ""kind"": ""blob"", ""oid"": ""5c4cb45c09ef842e5dc32c3fca523f274a4767d5""}, ""new"": {""pathBytesBase64"": ""c3JjL2NsYW1wLnRz"", ""path"": ""src/clamp.ts"", ""mode"": ""100644"", ""kind"": ""blob"", ""oid"": ""d21394ab499dbb3bf1e189d35445bf6c1beb3d92""}}], ""gate"": {""outcome"": ""FAIL"", ""code"": ""PATH_UNSAFE""}, ""verify"": {""outcome"": ""FAIL"", ""code"": ""PATH_UNSAFE""}}",NEEDS_PROFILE_AND_LAYER_ADAPTER; NOT_DIRECT_PRODUCTION_INPUT,"[""Branch lacks required task/nonce form"", ""Format1 commands use reference npm registry"", ""Policy/attestation/inventory schemas require explicit translation"", ""Repo contains no production manifest/policy/taskindex; local layer only""]"
072-dot,dot,"{""changes"": [{""pathBytesBase64"": ""Li94"", ""path"": ""./x"", ""types"": [""ADD""], ""old"": null, ""new"": {""pathBytesBase64"": ""Li94"", ""path"": ""./x"", ""mode"": ""100644"", ""kind"": ""blob"", ""oid"": ""c1b0730e0133447badcfd47fd144e254807b06e1""}}, {""pathBytesBase64"": ""c3JjL2NsYW1wLnRz"", ""path"": ""src/clamp.ts"", ""types"": [""MODIFY""], ""old"": {""pathBytesBase64"": ""c3JjL2NsYW1wLnRz"", ""path"": ""src/clamp.ts"", ""mode"": ""100644"", ""kind"": ""blob"", ""oid"": ""5c4cb45c09ef842e5dc32c3fca523f274a4767d5""}, ""new"": {""pathBytesBase64"": ""c3JjL2NsYW1wLnRz"", ""path"": ""src/clamp.ts"", ""mode"": ""100644"", ""kind"": ""blob"", ""oid"": ""d21394ab499dbb3bf1e189d35445bf6c1beb3d92""}}], ""gate"": {""outcome"": ""FAIL"", ""code"": ""PATH_UNSAFE""}, ""verify"": {""outcome"": ""FAIL"", ""code"": ""PATH_UNSAFE""}}",NEEDS_PROFILE_AND_LAYER_ADAPTER; NOT_DIRECT_PRODUCTION_INPUT,"[""Branch lacks required task/nonce form"", ""Format1 commands use reference npm registry"", ""Policy/attestation/inventory schemas require explicit translation"", ""Repo contains no production manifest/policy/taskindex; local layer only""]"
073-dotdot,dotdot,"{""changes"": [{""pathBytesBase64"": ""Li4veA=="", ""path"": ""../x"", ""types"": [""ADD""], ""old"": null, ""new"": {""pathBytesBase64"": ""Li4veA=="", ""path"": ""../x"", ""mode"": ""100644"", ""kind"": ""blob"", ""oid"": ""c1b0730e0133447badcfd47fd144e254807b06e1""}}, {""pathBytesBase64"": ""c3JjL2NsYW1wLnRz"", ""path"": ""src/clamp.ts"", ""types"": [""MODIFY""], ""old"": {""pathBytesBase64"": ""c3JjL2NsYW1wLnRz"", ""path"": ""src/clamp.ts"", ""mode"": ""100644"", ""kind"": ""blob"", ""oid"": ""5c4cb45c09ef842e5dc32c3fca523f274a4767d5""}, ""new"": {""pathBytesBase64"": ""c3JjL2NsYW1wLnRz"", ""path"": ""src/clamp.ts"", ""mode"": ""100644"", ""kind"": ""blob"", ""oid"": ""d21394ab499dbb3bf1e189d35445bf6c1beb3d92""}}], ""gate"": {""outcome"": ""FAIL"", ""code"": ""PATH_UNSAFE""}, ""verify"": {""outcome"": ""FAIL"", ""code"": ""PATH_UNSAFE""}}",NEEDS_PROFILE_AND_LAYER_ADAPTER; NOT_DIRECT_PRODUCTION_INPUT,"[""Branch lacks required task/nonce form"", ""Format1 commands use reference npm registry"", ""Policy/attestation/inventory schemas require explicit translation"", ""Repo contains no production manifest/policy/taskindex; local layer only""]"
074-git,git,"{""changes"": [{""pathBytesBase64"": ""LmdpdC9jb25maWc="", ""path"": "".git/config"", ""types"": [""ADD""], ""old"": null, ""new"": {""pathBytesBase64"": ""LmdpdC9jb25maWc="", ""path"": "".git/config"", ""mode"": ""100644"", ""kind"": ""blob"", ""oid"": ""c1b0730e0133447badcfd47fd144e254807b06e1""}}, {""pathBytesBase64"": ""c3JjL2NsYW1wLnRz"", ""path"": ""src/clamp.ts"", ""types"": [""MODIFY""], ""old"": {""pathBytesBase64"": ""c3JjL2NsYW1wLnRz"", ""path"": ""src/clamp.ts"", ""mode"": ""100644"", ""kind"": ""blob"", ""oid"": ""5c4cb45c09ef842e5dc32c3fca523f274a4767d5""}, ""new"": {""pathBytesBase64"": ""c3JjL2NsYW1wLnRz"", ""path"": ""src/clamp.ts"", ""mode"": ""100644"", ""kind"": ""blob"", ""oid"": ""d21394ab499dbb3bf1e189d35445bf6c1beb3d92""}}], ""gate"": {""outcome"": ""FAIL"", ""code"": ""PATH_UNSAFE""}, ""verify"": {""outcome"": ""FAIL"", ""code"": ""PATH_UNSAFE""}}",NEEDS_PROFILE_AND_LAYER_ADAPTER; NOT_DIRECT_PRODUCTION_INPUT,"[""Branch lacks required task/nonce form"", ""Format1 commands use reference npm registry"", ""Policy/attestation/inventory schemas require explicit translation"", ""Repo contains no production manifest/policy/taskindex; local layer only""]"
075-case,case,"{""changes"": [{""pathBytesBase64"": ""QS50cw=="", ""path"": ""A.ts"", ""types"": [""ADD""], ""old"": null, ""new"": {""pathBytesBase64"": ""QS50cw=="", ""path"": ""A.ts"", ""mode"": ""100644"", ""kind"": ""blob"", ""oid"": ""2e65efe2a145dda7ee51d1741299f848e5bf752e""}}, {""pathBytesBase64"": ""YS50cw=="", ""path"": ""a.ts"", ""types"": [""ADD""], ""old"": null, ""new"": {""pathBytesBase64"": ""YS50cw=="", ""path"": ""a.ts"", ""mode"": ""100644"", ""kind"": ""blob"", ""oid"": ""63d8dbd40c23542e740659a7168a0ce3138ea748""}}, {""pathBytesBase64"": ""c3JjL2NsYW1wLnRz"", ""path"": ""src/clamp.ts"", ""types"": [""MODIFY""], ""old"": {""pathBytesBase64"": ""c3JjL2NsYW1wLnRz"", ""path"": ""src/clamp.ts"", ""mode"": ""100644"", ""kind"": ""blob"", ""oid"": ""5c4cb45c09ef842e5dc32c3fca523f274a4767d5""}, ""new"": {""pathBytesBase64"": ""c3JjL2NsYW1wLnRz"", ""path"": ""src/clamp.ts"", ""mode"": ""100644"", ""kind"": ""blob"", ""oid"": ""d21394ab499dbb3bf1e189d35445bf6c1beb3d92""}}], ""gate"": {""outcome"": ""FAIL"", ""code"": ""PATH_UNSAFE""}, ""verify"": {""outcome"": ""FAIL"", ""code"": ""PATH_UNSAFE""}}",NEEDS_PROFILE_AND_LAYER_ADAPTER; NOT_DIRECT_PRODUCTION_INPUT,"[""Branch lacks required task/nonce form"", ""Format1 commands use reference npm registry"", ""Policy/attestation/inventory schemas require explicit translation"", ""Repo contains no production manifest/policy/taskindex; local layer only""]"
076-unicode-normalization,unicode-normalization,"{""changes"": [{""pathBytesBase64"": ""ZcyBLnRz"", ""path"": ""é.ts"", ""types"": [""ADD""], ""old"": null, ""new"": {""pathBytesBase64"": ""ZcyBLnRz"", ""path"": ""é.ts"", ""mode"": ""100644"", ""kind"": ""blob"", ""oid"": ""63d8dbd40c23542e740659a7168a0ce3138ea748""}}, {""pathBytesBase64"": ""c3JjL2NsYW1wLnRz"", ""path"": ""src/clamp.ts"", ""types"": [""MODIFY""], ""old"": {""pathBytesBase64"": ""c3JjL2NsYW1wLnRz"", ""path"": ""src/clamp.ts"", ""mode"": ""100644"", ""kind"": ""blob"", ""oid"": ""5c4cb45c09ef842e5dc32c3fca523f274a4767d5""}, ""new"": {""pathBytesBase64"": ""c3JjL2NsYW1wLnRz"", ""path"": ""src/clamp.ts"", ""mode"": ""100644"", ""kind"": ""blob"", ""oid"": ""d21394ab499dbb3bf1e189d35445bf6c1beb3d92""}}, {""pathBytesBase64"": ""w6kudHM="", ""path"": ""é.ts"", ""types"": [""ADD""], ""old"": null, ""new"": {""pathBytesBase64"": ""w6kudHM="", ""path"": ""é.ts"", ""mode"": ""100644"", ""kind"": ""blob"", ""oid"": ""2e65efe2a145dda7ee51d1741299f848e5bf752e""}}], ""gate"": {""outcome"": ""FAIL"", ""code"": ""PATH_UNSAFE""}, ""verify"": {""outcome"": ""FAIL"", ""code"": ""PATH_UNSAFE""}}",NEEDS_PROFILE_AND_LAYER_ADAPTER; NOT_DIRECT_PRODUCTION_INPUT,"[""Branch lacks required task/nonce form"", ""Format1 commands use reference npm registry"", ""Policy/attestation/inventory schemas require explicit translation"", ""Repo contains no production manifest/policy/taskindex; local layer only""]"
077-prefix-case,prefix-case,"{""changes"": [{""pathBytesBase64"": ""QS94"", ""path"": ""A/x"", ""types"": [""ADD""], ""old"": null, ""new"": {""pathBytesBase64"": ""QS94"", ""path"": ""A/x"", ""mode"": ""100644"", ""kind"": ""blob"", ""oid"": ""2e65efe2a145dda7ee51d1741299f848e5bf752e""}}, {""pathBytesBase64"": ""YS95"", ""path"": ""a/y"", ""types"": [""ADD""], ""old"": null, ""new"": {""pathBytesBase64"": ""YS95"", ""path"": ""a/y"", ""mode"": ""100644"", ""kind"": ""blob"", ""oid"": ""63d8dbd40c23542e740659a7168a0ce3138ea748""}}, {""pathBytesBase64"": ""c3JjL2NsYW1wLnRz"", ""path"": ""src/clamp.ts"", ""types"": [""MODIFY""], ""old"": {""pathBytesBase64"": ""c3JjL2NsYW1wLnRz"", ""path"": ""src/clamp.ts"", ""mode"": ""100644"", ""kind"": ""blob"", ""oid"": ""5c4cb45c09ef842e5dc32c3fca523f274a4767d5""}, ""new"": {""pathBytesBase64"": ""c3JjL2NsYW1wLnRz"", ""path"": ""src/clamp.ts"", ""mode"": ""100644"", ""kind"": ""blob"", ""oid"": ""d21394ab499dbb3bf1e189d35445bf6c1beb3d92""}}], ""gate"": {""outcome"": ""FAIL"", ""code"": ""PATH_UNSAFE""}, ""verify"": {""outcome"": ""FAIL"", ""code"": ""PATH_UNSAFE""}}",NEEDS_PROFILE_AND_LAYER_ADAPTER; NOT_DIRECT_PRODUCTION_INPUT,"[""Branch lacks required task/nonce form"", ""Format1 commands use reference npm registry"", ""Policy/attestation/inventory schemas require explicit translation"", ""Repo contains no production manifest/policy/taskindex; local layer only""]"
078-windows,windows,"{""changes"": [{""pathBytesBase64"": ""QVVYLnR4dA=="", ""path"": ""AUX.txt"", ""types"": [""ADD""], ""old"": null, ""new"": {""pathBytesBase64"": ""QVVYLnR4dA=="", ""path"": ""AUX.txt"", ""mode"": ""100644"", ""kind"": ""blob"", ""oid"": ""c1b0730e0133447badcfd47fd144e254807b06e1""}}, {""pathBytesBase64"": ""c3JjL2NsYW1wLnRz"", ""path"": ""src/clamp.ts"", ""types"": [""MODIFY""], ""old"": {""pathBytesBase64"": ""c3JjL2NsYW1wLnRz"", ""path"": ""src/clamp.ts"", ""mode"": ""100644"", ""kind"": ""blob"", ""oid"": ""5c4cb45c09ef842e5dc32c3fca523f274a4767d5""}, ""new"": {""pathBytesBase64"": ""c3JjL2NsYW1wLnRz"", ""path"": ""src/clamp.ts"", ""mode"": ""100644"", ""kind"": ""blob"", ""oid"": ""d21394ab499dbb3bf1e189d35445bf6c1beb3d92""}}], ""gate"": {""outcome"": ""FAIL"", ""code"": ""PATH_UNSAFE""}, ""verify"": {""outcome"": ""FAIL"", ""code"": ""PATH_UNSAFE""}}",NEEDS_PROFILE_AND_LAYER_ADAPTER; NOT_DIRECT_PRODUCTION_INPUT,"[""Branch lacks required task/nonce form"", ""Format1 commands use reference npm registry"", ""Policy/attestation/inventory schemas require explicit translation"", ""Repo contains no production manifest/policy/taskindex; local layer only""]"
079-trailing-dot,trailing-dot,"{""changes"": [{""pathBytesBase64"": ""bmFtZS4="", ""path"": ""name."", ""types"": [""ADD""], ""old"": null, ""new"": {""pathBytesBase64"": ""bmFtZS4="", ""path"": ""name."", ""mode"": ""100644"", ""kind"": ""blob"", ""oid"": ""c1b0730e0133447badcfd47fd144e254807b06e1""}}, {""pathBytesBase64"": ""c3JjL2NsYW1wLnRz"", ""path"": ""src/clamp.ts"", ""types"": [""MODIFY""], ""old"": {""pathBytesBase64"": ""c3JjL2NsYW1wLnRz"", ""path"": ""src/clamp.ts"", ""mode"": ""100644"", ""kind"": ""blob"", ""oid"": ""5c4cb45c09ef842e5dc32c3fca523f274a4767d5""}, ""new"": {""pathBytesBase64"": ""c3JjL2NsYW1wLnRz"", ""path"": ""src/clamp.ts"", ""mode"": ""100644"", ""kind"": ""blob"", ""oid"": ""d21394ab499dbb3bf1e189d35445bf6c1beb3d92""}}], ""gate"": {""outcome"": ""FAIL"", ""code"": ""PATH_UNSAFE""}, ""verify"": {""outcome"": ""FAIL"", ""code"": ""PATH_UNSAFE""}}",NEEDS_PROFILE_AND_LAYER_ADAPTER; NOT_DIRECT_PRODUCTION_INPUT,"[""Branch lacks required task/nonce form"", ""Format1 commands use reference npm registry"", ""Policy/attestation/inventory schemas require explicit translation"", ""Repo contains no production manifest/policy/taskindex; local layer only""]"
080-trailing-space,trailing-space,"{""changes"": [{""pathBytesBase64"": ""bmFtZSA="", ""path"": ""name "", ""types"": [""ADD""], ""old"": null, ""new"": {""pathBytesBase64"": ""bmFtZSA="", ""path"": ""name "", ""mode"": ""100644"", ""kind"": ""blob"", ""oid"": ""c1b0730e0133447badcfd47fd144e254807b06e1""}}, {""pathBytesBase64"": ""c3JjL2NsYW1wLnRz"", ""path"": ""src/clamp.ts"", ""types"": [""MODIFY""], ""old"": {""pathBytesBase64"": ""c3JjL2NsYW1wLnRz"", ""path"": ""src/clamp.ts"", ""mode"": ""100644"", ""kind"": ""blob"", ""oid"": ""5c4cb45c09ef842e5dc32c3fca523f274a4767d5""}, ""new"": {""pathBytesBase64"": ""c3JjL2NsYW1wLnRz"", ""path"": ""src/clamp.ts"", ""mode"": ""100644"", ""kind"": ""blob"", ""oid"": ""d21394ab499dbb3bf1e189d35445bf6c1beb3d92""}}], ""gate"": {""outcome"": ""FAIL"", ""code"": ""PATH_UNSAFE""}, ""verify"": {""outcome"": ""FAIL"", ""code"": ""PATH_UNSAFE""}}",NEEDS_PROFILE_AND_LAYER_ADAPTER; NOT_DIRECT_PRODUCTION_INPUT,"[""Branch lacks required task/nonce form"", ""Format1 commands use reference npm registry"", ""Policy/attestation/inventory schemas require explicit translation"", ""Repo contains no production manifest/policy/taskindex; local layer only""]"
081-colon,colon,"{""changes"": [{""pathBytesBase64"": ""bmFtZTpzdHJlYW0="", ""path"": ""name:stream"", ""types"": [""ADD""], ""old"": null, ""new"": {""pathBytesBase64"": ""bmFtZTpzdHJlYW0="", ""path"": ""name:stream"", ""mode"": ""100644"", ""kind"": ""blob"", ""oid"": ""c1b0730e0133447badcfd47fd144e254807b06e1""}}, {""pathBytesBase64"": ""c3JjL2NsYW1wLnRz"", ""path"": ""src/clamp.ts"", ""types"": [""MODIFY""], ""old"": {""pathBytesBase64"": ""c3JjL2NsYW1wLnRz"", ""path"": ""src/clamp.ts"", ""mode"": ""100644"", ""kind"": ""blob"", ""oid"": ""5c4cb45c09ef842e5dc32c3fca523f274a4767d5""}, ""new"": {""pathBytesBase64"": ""c3JjL2NsYW1wLnRz"", ""path"": ""src/clamp.ts"", ""mode"": ""100644"", ""kind"": ""blob"", ""oid"": ""d21394ab499dbb3bf1e189d35445bf6c1beb3d92""}}], ""gate"": {""outcome"": ""FAIL"", ""code"": ""PATH_UNSAFE""}, ""verify"": {""outcome"": ""FAIL"", ""code"": ""PATH_UNSAFE""}}",NEEDS_PROFILE_AND_LAYER_ADAPTER; NOT_DIRECT_PRODUCTION_INPUT,"[""Branch lacks required task/nonce form"", ""Format1 commands use reference npm registry"", ""Policy/attestation/inventory schemas require explicit translation"", ""Repo contains no production manifest/policy/taskindex; local layer only""]"
082-symlink,symlink,"{""changes"": [{""pathBytesBase64"": ""c3JjL2NsYW1wLnRz"", ""path"": ""src/clamp.ts"", ""types"": [""MODIFY""], ""old"": {""pathBytesBase64"": ""c3JjL2NsYW1wLnRz"", ""path"": ""src/clamp.ts"", ""mode"": ""100644"", ""kind"": ""blob"", ""oid"": ""5c4cb45c09ef842e5dc32c3fca523f274a4767d5""}, ""new"": {""pathBytesBase64"": ""c3JjL2NsYW1wLnRz"", ""path"": ""src/clamp.ts"", ""mode"": ""100644"", ""kind"": ""blob"", ""oid"": ""d21394ab499dbb3bf1e189d35445bf6c1beb3d92""}}, {""pathBytesBase64"": ""c3JjL2xpbms="", ""path"": ""src/link"", ""types"": [""ADD""], ""old"": null, ""new"": {""pathBytesBase64"": ""c3JjL2xpbms="", ""path"": ""src/link"", ""mode"": ""120000"", ""kind"": ""blob"", ""oid"": ""60c6ad35c6c625db901122de12cf2d256cc09628""}}], ""gate"": {""outcome"": ""FAIL"", ""code"": ""PATH_UNSAFE""}, ""verify"": {""outcome"": ""FAIL"", ""code"": ""PATH_UNSAFE""}}",NEEDS_PROFILE_AND_LAYER_ADAPTER; NOT_DIRECT_PRODUCTION_INPUT,"[""Branch lacks required task/nonce form"", ""Format1 commands use reference npm registry"", ""Policy/attestation/inventory schemas require explicit translation"", ""Repo contains no production manifest/policy/taskindex; local layer only""]"
083-gitlink,gitlink,"{""changes"": [{""pathBytesBase64"": ""c3JjL2NsYW1wLnRz"", ""path"": ""src/clamp.ts"", ""types"": [""MODIFY""], ""old"": {""pathBytesBase64"": ""c3JjL2NsYW1wLnRz"", ""path"": ""src/clamp.ts"", ""mode"": ""100644"", ""kind"": ""blob"", ""oid"": ""5c4cb45c09ef842e5dc32c3fca523f274a4767d5""}, ""new"": {""pathBytesBase64"": ""c3JjL2NsYW1wLnRz"", ""path"": ""src/clamp.ts"", ""mode"": ""100644"", ""kind"": ""blob"", ""oid"": ""d21394ab499dbb3bf1e189d35445bf6c1beb3d92""}}, {""pathBytesBase64"": ""c3JjL2xpbms="", ""path"": ""src/link"", ""types"": [""ADD""], ""old"": null, ""new"": {""pathBytesBase64"": ""c3JjL2xpbms="", ""path"": ""src/link"", ""mode"": ""160000"", ""kind"": ""commit"", ""oid"": ""d2f56fb512e3ebebc9adeca1e574cc5ba3fe0559""}}], ""gate"": {""outcome"": ""FAIL"", ""code"": ""PATH_UNSAFE""}, ""verify"": {""outcome"": ""FAIL"", ""code"": ""PATH_UNSAFE""}}",NEEDS_PROFILE_AND_LAYER_ADAPTER; NOT_DIRECT_PRODUCTION_INPUT,"[""Branch lacks required task/nonce form"", ""Format1 commands use reference npm registry"", ""Policy/attestation/inventory schemas require explicit translation"", ""Repo contains no production manifest/policy/taskindex; local layer only""]"
084-unknown-mode,unknown-mode,"{""changes"": [{""pathBytesBase64"": ""c3JjL2NsYW1wLnRz"", ""path"": ""src/clamp.ts"", ""types"": [""MODIFY""], ""old"": {""pathBytesBase64"": ""c3JjL2NsYW1wLnRz"", ""path"": ""src/clamp.ts"", ""mode"": ""100644"", ""kind"": ""blob"", ""oid"": ""5c4cb45c09ef842e5dc32c3fca523f274a4767d5""}, ""new"": {""pathBytesBase64"": ""c3JjL2NsYW1wLnRz"", ""path"": ""src/clamp.ts"", ""mode"": ""100644"", ""kind"": ""blob"", ""oid"": ""d21394ab499dbb3bf1e189d35445bf6c1beb3d92""}}, {""pathBytesBase64"": ""c3JjL2xpbms="", ""path"": ""src/link"", ""types"": [""ADD""], ""old"": null, ""new"": {""pathBytesBase64"": ""c3JjL2xpbms="", ""path"": ""src/link"", ""mode"": ""100600"", ""kind"": ""blob"", ""oid"": ""c1b0730e0133447badcfd47fd144e254807b06e1""}}], ""gate"": {""outcome"": ""FAIL"", ""code"": ""PATH_UNSAFE""}, ""verify"": {""outcome"": ""FAIL"", ""code"": ""PATH_UNSAFE""}}",NEEDS_PROFILE_AND_LAYER_ADAPTER; NOT_DIRECT_PRODUCTION_INPUT,"[""Branch lacks required task/nonce form"", ""Format1 commands use reference npm registry"", ""Policy/attestation/inventory schemas require explicit translation"", ""Repo contains no production manifest/policy/taskindex; local layer only""]"
085-binary,binary,"{""changes"": [{""pathBytesBase64"": ""ZGF0YS5iaW4="", ""path"": ""data.bin"", ""types"": [""ADD""], ""old"": null, ""new"": {""pathBytesBase64"": ""ZGF0YS5iaW4="", ""path"": ""data.bin"", ""mode"": ""100644"", ""kind"": ""blob"", ""oid"": ""ba01f6b05bdbb386b35f4d086e268c5d422cafb9""}}, {""pathBytesBase64"": ""c3JjL2NsYW1wLnRz"", ""path"": ""src/clamp.ts"", ""types"": [""MODIFY""], ""old"": {""pathBytesBase64"": ""c3JjL2NsYW1wLnRz"", ""path"": ""src/clamp.ts"", ""mode"": ""100644"", ""kind"": ""blob"", ""oid"": ""5c4cb45c09ef842e5dc32c3fca523f274a4767d5""}, ""new"": {""pathBytesBase64"": ""c3JjL2NsYW1wLnRz"", ""path"": ""src/clamp.ts"", ""mode"": ""100644"", ""kind"": ""blob"", ""oid"": ""d21394ab499dbb3bf1e189d35445bf6c1beb3d92""}}], ""gate"": {""outcome"": ""FAIL"", ""code"": ""SCOPE_VIOLATION""}, ""verify"": {""outcome"": ""FAIL"", ""code"": ""SCOPE_VIOLATION""}}",NEEDS_PROFILE_AND_LAYER_ADAPTER; NOT_DIRECT_PRODUCTION_INPUT,"[""Branch lacks required task/nonce form"", ""Format1 commands use reference npm registry"", ""Policy/attestation/inventory schemas require explicit translation"", ""Repo contains no production manifest/policy/taskindex; local layer only""]"
086-empty,empty,"{""changes"": [{""pathBytesBase64"": ""ZGF0YS5iaW4="", ""path"": ""data.bin"", ""types"": [""ADD""], ""old"": null, ""new"": {""pathBytesBase64"": ""ZGF0YS5iaW4="", ""path"": ""data.bin"", ""mode"": ""100644"", ""kind"": ""blob"", ""oid"": ""e69de29bb2d1d6434b8b29ae775ad8c2e48c5391""}}, {""pathBytesBase64"": ""c3JjL2NsYW1wLnRz"", ""path"": ""src/clamp.ts"", ""types"": [""MODIFY""], ""old"": {""pathBytesBase64"": ""c3JjL2NsYW1wLnRz"", ""path"": ""src/clamp.ts"", ""mode"": ""100644"", ""kind"": ""blob"", ""oid"": ""5c4cb45c09ef842e5dc32c3fca523f274a4767d5""}, ""new"": {""pathBytesBase64"": ""c3JjL2NsYW1wLnRz"", ""path"": ""src/clamp.ts"", ""mode"": ""100644"", ""kind"": ""blob"", ""oid"": ""d21394ab499dbb3bf1e189d35445bf6c1beb3d92""}}], ""gate"": {""outcome"": ""FAIL"", ""code"": ""SCOPE_VIOLATION""}, ""verify"": {""outcome"": ""FAIL"", ""code"": ""SCOPE_VIOLATION""}}",NEEDS_PROFILE_AND_LAYER_ADAPTER; NOT_DIRECT_PRODUCTION_INPUT,"[""Branch lacks required task/nonce form"", ""Format1 commands use reference npm registry"", ""Policy/attestation/inventory schemas require explicit translation"", ""Repo contains no production manifest/policy/taskindex; local layer only""]"
087-rename,rename,"{""changes"": [{""pathBytesBase64"": ""c3JjL2NsYW1wLnRz"", ""path"": ""src/clamp.ts"", ""types"": [""DELETE""], ""old"": {""pathBytesBase64"": ""c3JjL2NsYW1wLnRz"", ""path"": ""src/clamp.ts"", ""mode"": ""100644"", ""kind"": ""blob"", ""oid"": ""5c4cb45c09ef842e5dc32c3fca523f274a4767d5""}, ""new"": null}, {""pathBytesBase64"": ""c3JjL25ldy50cw=="", ""path"": ""src/new.ts"", ""types"": [""ADD""], ""old"": null, ""new"": {""pathBytesBase64"": ""c3JjL25ldy50cw=="", ""path"": ""src/new.ts"", ""mode"": ""100644"", ""kind"": ""blob"", ""oid"": ""d21394ab499dbb3bf1e189d35445bf6c1beb3d92""}}], ""gate"": {""outcome"": ""FAIL"", ""code"": ""SCOPE_VIOLATION""}, ""verify"": {""outcome"": ""FAIL"", ""code"": ""SCOPE_VIOLATION""}}",NEEDS_PROFILE_AND_LAYER_ADAPTER; NOT_DIRECT_PRODUCTION_INPUT,"[""Branch lacks required task/nonce form"", ""Format1 commands use reference npm registry"", ""Policy/attestation/inventory schemas require explicit translation"", ""Repo contains no production manifest/policy/taskindex; local layer only""]"
088-case-rename,case-rename,"{""changes"": [{""pathBytesBase64"": ""c3JjL0NsYW1wLnRz"", ""path"": ""src/Clamp.ts"", ""types"": [""ADD""], ""old"": null, ""new"": {""pathBytesBase64"": ""c3JjL0NsYW1wLnRz"", ""path"": ""src/Clamp.ts"", ""mode"": ""100644"", ""kind"": ""blob"", ""oid"": ""d21394ab499dbb3bf1e189d35445bf6c1beb3d92""}}, {""pathBytesBase64"": ""c3JjL2NsYW1wLnRz"", ""path"": ""src/clamp.ts"", ""types"": [""DELETE""], ""old"": {""pathBytesBase64"": ""c3JjL2NsYW1wLnRz"", ""path"": ""src/clamp.ts"", ""mode"": ""100644"", ""kind"": ""blob"", ""oid"": ""5c4cb45c09ef842e5dc32c3fca523f274a4767d5""}, ""new"": null}], ""gate"": {""outcome"": ""FAIL"", ""code"": ""SCOPE_VIOLATION""}, ""verify"": {""outcome"": ""FAIL"", ""code"": ""SCOPE_VIOLATION""}}",NEEDS_PROFILE_AND_LAYER_ADAPTER; NOT_DIRECT_PRODUCTION_INPUT,"[""Branch lacks required task/nonce form"", ""Format1 commands use reference npm registry"", ""Policy/attestation/inventory schemas require explicit translation"", ""Repo contains no production manifest/policy/taskindex; local layer only""]"
089-mode-only,mode-only,"{""changes"": [{""pathBytesBase64"": ""c3JjL2NsYW1wLnRz"", ""path"": ""src/clamp.ts"", ""types"": [""MODE_CHANGE""], ""old"": {""pathBytesBase64"": ""c3JjL2NsYW1wLnRz"", ""path"": ""src/clamp.ts"", ""mode"": ""100644"", ""kind"": ""blob"", ""oid"": ""5c4cb45c09ef842e5dc32c3fca523f274a4767d5""}, ""new"": {""pathBytesBase64"": ""c3JjL2NsYW1wLnRz"", ""path"": ""src/clamp.ts"", ""mode"": ""100755"", ""kind"": ""blob"", ""oid"": ""5c4cb45c09ef842e5dc32c3fca523f274a4767d5""}}], ""gate"": {""outcome"": ""FAIL"", ""code"": ""SCOPE_VIOLATION""}, ""verify"": {""outcome"": ""FAIL"", ""code"": ""SCOPE_VIOLATION""}}",NEEDS_PROFILE_AND_LAYER_ADAPTER; NOT_DIRECT_PRODUCTION_INPUT,"[""Branch lacks required task/nonce form"", ""Format1 commands use reference npm registry"", ""Policy/attestation/inventory schemas require explicit translation"", ""Repo contains no production manifest/policy/taskindex; local layer only""]"
090-content-mode,content-mode,"{""changes"": [{""pathBytesBase64"": ""c3JjL2NsYW1wLnRz"", ""path"": ""src/clamp.ts"", ""types"": [""MODIFY"", ""MODE_CHANGE""], ""old"": {""pathBytesBase64"": ""c3JjL2NsYW1wLnRz"", ""path"": ""src/clamp.ts"", ""mode"": ""100644"", ""kind"": ""blob"", ""oid"": ""5c4cb45c09ef842e5dc32c3fca523f274a4767d5""}, ""new"": {""pathBytesBase64"": ""c3JjL2NsYW1wLnRz"", ""path"": ""src/clamp.ts"", ""mode"": ""100755"", ""kind"": ""blob"", ""oid"": ""3e5126c4e761fd09582fc517918a1601b218dff0""}}], ""gate"": {""outcome"": ""FAIL"", ""code"": ""SCOPE_VIOLATION""}, ""verify"": {""outcome"": ""FAIL"", ""code"": ""SCOPE_VIOLATION""}}",NEEDS_PROFILE_AND_LAYER_ADAPTER; NOT_DIRECT_PRODUCTION_INPUT,"[""Branch lacks required task/nonce form"", ""Format1 commands use reference npm registry"", ""Policy/attestation/inventory schemas require explicit translation"", ""Repo contains no production manifest/policy/taskindex; local layer only""]"
091-bad-contract,bad-contract,"{""changes"": [{""pathBytesBase64"": ""c3JjL2NsYW1wLnRz"", ""path"": ""src/clamp.ts"", ""types"": [""MODIFY""], ""old"": {""pathBytesBase64"": ""c3JjL2NsYW1wLnRz"", ""path"": ""src/clamp.ts"", ""mode"": ""100644"", ""kind"": ""blob"", ""oid"": ""5c4cb45c09ef842e5dc32c3fca523f274a4767d5""}, ""new"": {""pathBytesBase64"": ""c3JjL2NsYW1wLnRz"", ""path"": ""src/clamp.ts"", ""mode"": ""100644"", ""kind"": ""blob"", ""oid"": ""d21394ab499dbb3bf1e189d35445bf6c1beb3d92""}}], ""gate"": {""outcome"": ""FAIL"", ""code"": ""CONTRACT_INVALID""}, ""verify"": {""outcome"": ""FAIL"", ""code"": ""CONTRACT_INVALID""}}",NEEDS_PROFILE_AND_LAYER_ADAPTER; NOT_DIRECT_PRODUCTION_INPUT,"[""Branch lacks required task/nonce form"", ""Format1 commands use reference npm registry"", ""Policy/attestation/inventory schemas require explicit translation"", ""Repo contains no production manifest/policy/taskindex; local layer only""]"
092-version,version,"{""changes"": [{""pathBytesBase64"": ""c3JjL2NsYW1wLnRz"", ""path"": ""src/clamp.ts"", ""types"": [""MODIFY""], ""old"": {""pathBytesBase64"": ""c3JjL2NsYW1wLnRz"", ""path"": ""src/clamp.ts"", ""mode"": ""100644"", ""kind"": ""blob"", ""oid"": ""5c4cb45c09ef842e5dc32c3fca523f274a4767d5""}, ""new"": {""pathBytesBase64"": ""c3JjL2NsYW1wLnRz"", ""path"": ""src/clamp.ts"", ""mode"": ""100644"", ""kind"": ""blob"", ""oid"": ""d21394ab499dbb3bf1e189d35445bf6c1beb3d92""}}], ""gate"": {""outcome"": ""FAIL"", ""code"": ""CONTRACT_BINDING""}, ""verify"": {""outcome"": ""FAIL"", ""code"": ""CONTRACT_BINDING""}}",NEEDS_PROFILE_AND_LAYER_ADAPTER; NOT_DIRECT_PRODUCTION_INPUT,"[""Branch lacks required task/nonce form"", ""Format1 commands use reference npm registry"", ""Policy/attestation/inventory schemas require explicit translation"", ""Repo contains no production manifest/policy/taskindex; local layer only"", ""Reference-specific task/version/base metadata field must map to actual document/index binding""]"
093-base-binding,base-binding,"{""changes"": [{""pathBytesBase64"": ""c3JjL2NsYW1wLnRz"", ""path"": ""src/clamp.ts"", ""types"": [""MODIFY""], ""old"": {""pathBytesBase64"": ""c3JjL2NsYW1wLnRz"", ""path"": ""src/clamp.ts"", ""mode"": ""100644"", ""kind"": ""blob"", ""oid"": ""5c4cb45c09ef842e5dc32c3fca523f274a4767d5""}, ""new"": {""pathBytesBase64"": ""c3JjL2NsYW1wLnRz"", ""path"": ""src/clamp.ts"", ""mode"": ""100644"", ""kind"": ""blob"", ""oid"": ""d21394ab499dbb3bf1e189d35445bf6c1beb3d92""}}], ""gate"": {""outcome"": ""FAIL"", ""code"": ""CONTRACT_BINDING""}, ""verify"": {""outcome"": ""FAIL"", ""code"": ""CONTRACT_BINDING""}}",NEEDS_PROFILE_AND_LAYER_ADAPTER; NOT_DIRECT_PRODUCTION_INPUT,"[""Branch lacks required task/nonce form"", ""Format1 commands use reference npm registry"", ""Policy/attestation/inventory schemas require explicit translation"", ""Repo contains no production manifest/policy/taskindex; local layer only"", ""Reference-specific task/version/base metadata field must map to actual document/index binding""]"
094-task-binding,task-binding,"{""changes"": [{""pathBytesBase64"": ""c3JjL2NsYW1wLnRz"", ""path"": ""src/clamp.ts"", ""types"": [""MODIFY""], ""old"": {""pathBytesBase64"": ""c3JjL2NsYW1wLnRz"", ""path"": ""src/clamp.ts"", ""mode"": ""100644"", ""kind"": ""blob"", ""oid"": ""5c4cb45c09ef842e5dc32c3fca523f274a4767d5""}, ""new"": {""pathBytesBase64"": ""c3JjL2NsYW1wLnRz"", ""path"": ""src/clamp.ts"", ""mode"": ""100644"", ""kind"": ""blob"", ""oid"": ""d21394ab499dbb3bf1e189d35445bf6c1beb3d92""}}], ""gate"": {""outcome"": ""FAIL"", ""code"": ""CONTRACT_BINDING""}, ""verify"": {""outcome"": ""FAIL"", ""code"": ""CONTRACT_BINDING""}}",NEEDS_PROFILE_AND_LAYER_ADAPTER; NOT_DIRECT_PRODUCTION_INPUT,"[""Branch lacks required task/nonce form"", ""Format1 commands use reference npm registry"", ""Policy/attestation/inventory schemas require explicit translation"", ""Repo contains no production manifest/policy/taskindex; local layer only"", ""Reference-specific task/version/base metadata field must map to actual document/index binding""]"
095-foreign-repo,foreign-repo,"{""changes"": [{""pathBytesBase64"": ""c3JjL2NsYW1wLnRz"", ""path"": ""src/clamp.ts"", ""types"": [""MODIFY""], ""old"": {""pathBytesBase64"": ""c3JjL2NsYW1wLnRz"", ""path"": ""src/clamp.ts"", ""mode"": ""100644"", ""kind"": ""blob"", ""oid"": ""5c4cb45c09ef842e5dc32c3fca523f274a4767d5""}, ""new"": {""pathBytesBase64"": ""c3JjL2NsYW1wLnRz"", ""path"": ""src/clamp.ts"", ""mode"": ""100644"", ""kind"": ""blob"", ""oid"": ""d21394ab499dbb3bf1e189d35445bf6c1beb3d92""}}], ""gate"": {""outcome"": ""FAIL"", ""code"": ""METADATA_INVALID""}, ""verify"": {""outcome"": ""FAIL"", ""code"": ""METADATA_INVALID""}}",NEEDS_PROFILE_AND_LAYER_ADAPTER; NOT_DIRECT_PRODUCTION_INPUT,"[""Branch lacks required task/nonce form"", ""Format1 commands use reference npm registry"", ""Policy/attestation/inventory schemas require explicit translation"", ""Repo contains no production manifest/policy/taskindex; local layer only""]"
096-foreign-author,foreign-author,"{""changes"": [{""pathBytesBase64"": ""c3JjL2NsYW1wLnRz"", ""path"": ""src/clamp.ts"", ""types"": [""MODIFY""], ""old"": {""pathBytesBase64"": ""c3JjL2NsYW1wLnRz"", ""path"": ""src/clamp.ts"", ""mode"": ""100644"", ""kind"": ""blob"", ""oid"": ""5c4cb45c09ef842e5dc32c3fca523f274a4767d5""}, ""new"": {""pathBytesBase64"": ""c3JjL2NsYW1wLnRz"", ""path"": ""src/clamp.ts"", ""mode"": ""100644"", ""kind"": ""blob"", ""oid"": ""d21394ab499dbb3bf1e189d35445bf6c1beb3d92""}}], ""gate"": {""outcome"": ""FAIL"", ""code"": ""METADATA_INVALID""}, ""verify"": {""outcome"": ""FAIL"", ""code"": ""METADATA_INVALID""}}",NEEDS_PROFILE_AND_LAYER_ADAPTER; NOT_DIRECT_PRODUCTION_INPUT,"[""Branch lacks required task/nonce form"", ""Format1 commands use reference npm registry"", ""Policy/attestation/inventory schemas require explicit translation"", ""Repo contains no production manifest/policy/taskindex; local layer only""]"
097-branch,branch,"{""changes"": [{""pathBytesBase64"": ""c3JjL2NsYW1wLnRz"", ""path"": ""src/clamp.ts"", ""types"": [""MODIFY""], ""old"": {""pathBytesBase64"": ""c3JjL2NsYW1wLnRz"", ""path"": ""src/clamp.ts"", ""mode"": ""100644"", ""kind"": ""blob"", ""oid"": ""5c4cb45c09ef842e5dc32c3fca523f274a4767d5""}, ""new"": {""pathBytesBase64"": ""c3JjL2NsYW1wLnRz"", ""path"": ""src/clamp.ts"", ""mode"": ""100644"", ""kind"": ""blob"", ""oid"": ""d21394ab499dbb3bf1e189d35445bf6c1beb3d92""}}], ""gate"": {""outcome"": ""FAIL"", ""code"": ""METADATA_INVALID""}, ""verify"": {""outcome"": ""FAIL"", ""code"": ""METADATA_INVALID""}}",NEEDS_PROFILE_AND_LAYER_ADAPTER; NOT_DIRECT_PRODUCTION_INPUT,"[""Branch lacks required task/nonce form"", ""Format1 commands use reference npm registry"", ""Policy/attestation/inventory schemas require explicit translation"", ""Repo contains no production manifest/policy/taskindex; local layer only""]"
098-closed,closed,"{""changes"": [{""pathBytesBase64"": ""c3JjL2NsYW1wLnRz"", ""path"": ""src/clamp.ts"", ""types"": [""MODIFY""], ""old"": {""pathBytesBase64"": ""c3JjL2NsYW1wLnRz"", ""path"": ""src/clamp.ts"", ""mode"": ""100644"", ""kind"": ""blob"", ""oid"": ""5c4cb45c09ef842e5dc32c3fca523f274a4767d5""}, ""new"": {""pathBytesBase64"": ""c3JjL2NsYW1wLnRz"", ""path"": ""src/clamp.ts"", ""mode"": ""100644"", ""kind"": ""blob"", ""oid"": ""d21394ab499dbb3bf1e189d35445bf6c1beb3d92""}}], ""gate"": {""outcome"": ""FAIL"", ""code"": ""METADATA_INVALID""}, ""verify"": {""outcome"": ""FAIL"", ""code"": ""METADATA_INVALID""}}",NEEDS_PROFILE_AND_LAYER_ADAPTER; NOT_DIRECT_PRODUCTION_INPUT,"[""Branch lacks required task/nonce form"", ""Format1 commands use reference npm registry"", ""Policy/attestation/inventory schemas require explicit translation"", ""Repo contains no production manifest/policy/taskindex; local layer only""]"
099-event,event,"{""changes"": [{""pathBytesBase64"": ""c3JjL2NsYW1wLnRz"", ""path"": ""src/clamp.ts"", ""types"": [""MODIFY""], ""old"": {""pathBytesBase64"": ""c3JjL2NsYW1wLnRz"", ""path"": ""src/clamp.ts"", ""mode"": ""100644"", ""kind"": ""blob"", ""oid"": ""5c4cb45c09ef842e5dc32c3fca523f274a4767d5""}, ""new"": {""pathBytesBase64"": ""c3JjL2NsYW1wLnRz"", ""path"": ""src/clamp.ts"", ""mode"": ""100644"", ""kind"": ""blob"", ""oid"": ""d21394ab499dbb3bf1e189d35445bf6c1beb3d92""}}], ""gate"": {""outcome"": ""FAIL"", ""code"": ""METADATA_INVALID""}, ""verify"": {""outcome"": ""FAIL"", ""code"": ""METADATA_INVALID""}}",NEEDS_PROFILE_AND_LAYER_ADAPTER; NOT_DIRECT_PRODUCTION_INPUT,"[""Branch lacks required task/nonce form"", ""Format1 commands use reference npm registry"", ""Policy/attestation/inventory schemas require explicit translation"", ""Repo contains no production manifest/policy/taskindex; local layer only""]"
100-stale-base,stale-base,"{""changes"": [{""pathBytesBase64"": ""c3JjL2NsYW1wLnRz"", ""path"": ""src/clamp.ts"", ""types"": [""MODIFY""], ""old"": {""pathBytesBase64"": ""c3JjL2NsYW1wLnRz"", ""path"": ""src/clamp.ts"", ""mode"": ""100644"", ""kind"": ""blob"", ""oid"": ""5c4cb45c09ef842e5dc32c3fca523f274a4767d5""}, ""new"": {""pathBytesBase64"": ""c3JjL2NsYW1wLnRz"", ""path"": ""src/clamp.ts"", ""mode"": ""100644"", ""kind"": ""blob"", ""oid"": ""d21394ab499dbb3bf1e189d35445bf6c1beb3d92""}}], ""gate"": {""outcome"": ""FAIL"", ""code"": ""STALE_BASE""}, ""verify"": {""outcome"": ""FAIL"", ""code"": ""STALE_BASE""}}",NEEDS_PROFILE_AND_LAYER_ADAPTER; NOT_DIRECT_PRODUCTION_INPUT,"[""Branch lacks required task/nonce form"", ""Format1 commands use reference npm registry"", ""Policy/attestation/inventory schemas require explicit translation"", ""Repo contains no production manifest/policy/taskindex; local layer only""]"
101-history,history,"{""changes"": [{""pathBytesBase64"": ""c3JjL2NsYW1wLnRz"", ""path"": ""src/clamp.ts"", ""types"": [""MODIFY""], ""old"": {""pathBytesBase64"": ""c3JjL2NsYW1wLnRz"", ""path"": ""src/clamp.ts"", ""mode"": ""100644"", ""kind"": ""blob"", ""oid"": ""5c4cb45c09ef842e5dc32c3fca523f274a4767d5""}, ""new"": {""pathBytesBase64"": ""c3JjL2NsYW1wLnRz"", ""path"": ""src/clamp.ts"", ""mode"": ""100644"", ""kind"": ""blob"", ""oid"": ""d21394ab499dbb3bf1e189d35445bf6c1beb3d92""}}], ""gate"": {""outcome"": ""FAIL"", ""code"": ""HISTORY_INVALID""}, ""verify"": {""outcome"": ""FAIL"", ""code"": ""HISTORY_INVALID""}}",NEEDS_PROFILE_AND_LAYER_ADAPTER; NOT_DIRECT_PRODUCTION_INPUT,"[""Branch lacks required task/nonce form"", ""Format1 commands use reference npm registry"", ""Policy/attestation/inventory schemas require explicit translation"", ""Repo contains no production manifest/policy/taskindex; local layer only""]"
102-limit,limit,"{""changes"": [{""pathBytesBase64"": ""c3JjL2NsYW1wLnRz"", ""path"": ""src/clamp.ts"", ""types"": [""MODIFY""], ""old"": {""pathBytesBase64"": ""c3JjL2NsYW1wLnRz"", ""path"": ""src/clamp.ts"", ""mode"": ""100644"", ""kind"": ""blob"", ""oid"": ""5c4cb45c09ef842e5dc32c3fca523f274a4767d5""}, ""new"": {""pathBytesBase64"": ""c3JjL2NsYW1wLnRz"", ""path"": ""src/clamp.ts"", ""mode"": ""100644"", ""kind"": ""blob"", ""oid"": ""d21394ab499dbb3bf1e189d35445bf6c1beb3d92""}}], ""gate"": {""outcome"": ""FAIL"", ""code"": ""LIMIT_EXCEEDED""}, ""verify"": {""outcome"": ""FAIL"", ""code"": ""LIMIT_EXCEEDED""}}",NEEDS_PROFILE_AND_LAYER_ADAPTER; NOT_DIRECT_PRODUCTION_INPUT,"[""Branch lacks required task/nonce form"", ""Format1 commands use reference npm registry"", ""Policy/attestation/inventory schemas require explicit translation"", ""Repo contains no production manifest/policy/taskindex; local layer only"", ""files=1 is reference-only operator limit; fixed v01 profile does not set this limit""]"
103-missing-check,missing-check,"{""changes"": [{""pathBytesBase64"": ""c3JjL2NsYW1wLnRz"", ""path"": ""src/clamp.ts"", ""types"": [""MODIFY""], ""old"": {""pathBytesBase64"": ""c3JjL2NsYW1wLnRz"", ""path"": ""src/clamp.ts"", ""mode"": ""100644"", ""kind"": ""blob"", ""oid"": ""5c4cb45c09ef842e5dc32c3fca523f274a4767d5""}, ""new"": {""pathBytesBase64"": ""c3JjL2NsYW1wLnRz"", ""path"": ""src/clamp.ts"", ""mode"": ""100644"", ""kind"": ""blob"", ""oid"": ""d21394ab499dbb3bf1e189d35445bf6c1beb3d92""}}], ""gate"": {""outcome"": ""PASS"", ""code"": null}, ""verify"": {""outcome"": ""FAIL"", ""code"": ""CHECK_FAILED""}}",NEEDS_PROFILE_AND_LAYER_ADAPTER; NOT_DIRECT_PRODUCTION_INPUT,"[""Branch lacks required task/nonce form"", ""Format1 commands use reference npm registry"", ""Policy/attestation/inventory schemas require explicit translation"", ""Repo contains no production manifest/policy/taskindex; local layer only""]"
104-wrong-command,wrong-command,"{""changes"": [{""pathBytesBase64"": ""c3JjL2NsYW1wLnRz"", ""path"": ""src/clamp.ts"", ""types"": [""MODIFY""], ""old"": {""pathBytesBase64"": ""c3JjL2NsYW1wLnRz"", ""path"": ""src/clamp.ts"", ""mode"": ""100644"", ""kind"": ""blob"", ""oid"": ""5c4cb45c09ef842e5dc32c3fca523f274a4767d5""}, ""new"": {""pathBytesBase64"": ""c3JjL2NsYW1wLnRz"", ""path"": ""src/clamp.ts"", ""mode"": ""100644"", ""kind"": ""blob"", ""oid"": ""d21394ab499dbb3bf1e189d35445bf6c1beb3d92""}}], ""gate"": {""outcome"": ""PASS"", ""code"": null}, ""verify"": {""outcome"": ""FAIL"", ""code"": ""CHECK_FAILED""}}",NEEDS_PROFILE_AND_LAYER_ADAPTER; NOT_DIRECT_PRODUCTION_INPUT,"[""Branch lacks required task/nonce form"", ""Format1 commands use reference npm registry"", ""Policy/attestation/inventory schemas require explicit translation"", ""Repo contains no production manifest/policy/taskindex; local layer only""]"
105-duplicate-check,duplicate-check,"{""changes"": [{""pathBytesBase64"": ""c3JjL2NsYW1wLnRz"", ""path"": ""src/clamp.ts"", ""types"": [""MODIFY""], ""old"": {""pathBytesBase64"": ""c3JjL2NsYW1wLnRz"", ""path"": ""src/clamp.ts"", ""mode"": ""100644"", ""kind"": ""blob"", ""oid"": ""5c4cb45c09ef842e5dc32c3fca523f274a4767d5""}, ""new"": {""pathBytesBase64"": ""c3JjL2NsYW1wLnRz"", ""path"": ""src/clamp.ts"", ""mode"": ""100644"", ""kind"": ""blob"", ""oid"": ""d21394ab499dbb3bf1e189d35445bf6c1beb3d92""}}], ""gate"": {""outcome"": ""PASS"", ""code"": null}, ""verify"": {""outcome"": ""FAIL"", ""code"": ""CHECK_FAILED""}}",NEEDS_PROFILE_AND_LAYER_ADAPTER; NOT_DIRECT_PRODUCTION_INPUT,"[""Branch lacks required task/nonce form"", ""Format1 commands use reference npm registry"", ""Policy/attestation/inventory schemas require explicit translation"", ""Repo contains no production manifest/policy/taskindex; local layer only""]"
106-missing-mutant,missing-mutant,"{""changes"": [{""pathBytesBase64"": ""c3JjL2NsYW1wLnRz"", ""path"": ""src/clamp.ts"", ""types"": [""MODIFY""], ""old"": {""pathBytesBase64"": ""c3JjL2NsYW1wLnRz"", ""path"": ""src/clamp.ts"", ""mode"": ""100644"", ""kind"": ""blob"", ""oid"": ""5c4cb45c09ef842e5dc32c3fca523f274a4767d5""}, ""new"": {""pathBytesBase64"": ""c3JjL2NsYW1wLnRz"", ""path"": ""src/clamp.ts"", ""mode"": ""100644"", ""kind"": ""blob"", ""oid"": ""d21394ab499dbb3bf1e189d35445bf6c1beb3d92""}}], ""gate"": {""outcome"": ""PASS"", ""code"": null}, ""verify"": {""outcome"": ""FAIL"", ""code"": ""MUTANT_NOT_APPLIED""}}",NEEDS_PROFILE_AND_LAYER_ADAPTER; NOT_DIRECT_PRODUCTION_INPUT,"[""Branch lacks required task/nonce form"", ""Format1 commands use reference npm registry"", ""Policy/attestation/inventory schemas require explicit translation"", ""Repo contains no production manifest/policy/taskindex; local layer only""]"
107-infra-mutant,infra-mutant,"{""changes"": [{""pathBytesBase64"": ""c3JjL2NsYW1wLnRz"", ""path"": ""src/clamp.ts"", ""types"": [""MODIFY""], ""old"": {""pathBytesBase64"": ""c3JjL2NsYW1wLnRz"", ""path"": ""src/clamp.ts"", ""mode"": ""100644"", ""kind"": ""blob"", ""oid"": ""5c4cb45c09ef842e5dc32c3fca523f274a4767d5""}, ""new"": {""pathBytesBase64"": ""c3JjL2NsYW1wLnRz"", ""path"": ""src/clamp.ts"", ""mode"": ""100644"", ""kind"": ""blob"", ""oid"": ""d21394ab499dbb3bf1e189d35445bf6c1beb3d92""}}], ""gate"": {""outcome"": ""PASS"", ""code"": null}, ""verify"": {""outcome"": ""FAIL"", ""code"": ""MUTANT_INFRA_FAILURE""}}",NEEDS_PROFILE_AND_LAYER_ADAPTER; NOT_DIRECT_PRODUCTION_INPUT,"[""Branch lacks required task/nonce form"", ""Format1 commands use reference npm registry"", ""Policy/attestation/inventory schemas require explicit translation"", ""Repo contains no production manifest/policy/taskindex; local layer only""]"
108-revoked,revoked,"{""changes"": [{""pathBytesBase64"": ""c3JjL2NsYW1wLnRz"", ""path"": ""src/clamp.ts"", ""types"": [""MODIFY""], ""old"": {""pathBytesBase64"": ""c3JjL2NsYW1wLnRz"", ""path"": ""src/clamp.ts"", ""mode"": ""100644"", ""kind"": ""blob"", ""oid"": ""5c4cb45c09ef842e5dc32c3fca523f274a4767d5""}, ""new"": {""pathBytesBase64"": ""c3JjL2NsYW1wLnRz"", ""path"": ""src/clamp.ts"", ""mode"": ""100644"", ""kind"": ""blob"", ""oid"": ""d21394ab499dbb3bf1e189d35445bf6c1beb3d92""}}], ""gate"": {""outcome"": ""PASS"", ""code"": null}, ""verify"": {""outcome"": ""FAIL"", ""code"": ""ATTESTATION_INVALID""}}",NEEDS_PROFILE_AND_LAYER_ADAPTER; NOT_DIRECT_PRODUCTION_INPUT,"[""Branch lacks required task/nonce form"", ""Format1 commands use reference npm registry"", ""Policy/attestation/inventory schemas require explicit translation"", ""Repo contains no production manifest/policy/taskindex; local layer only"", ""Synthetic witness is not complete latest paginated GitHub review/run/final snapshots""]"
109-wrong-owner,wrong-owner,"{""changes"": [{""pathBytesBase64"": ""c3JjL2NsYW1wLnRz"", ""path"": ""src/clamp.ts"", ""types"": [""MODIFY""], ""old"": {""pathBytesBase64"": ""c3JjL2NsYW1wLnRz"", ""path"": ""src/clamp.ts"", ""mode"": ""100644"", ""kind"": ""blob"", ""oid"": ""5c4cb45c09ef842e5dc32c3fca523f274a4767d5""}, ""new"": {""pathBytesBase64"": ""c3JjL2NsYW1wLnRz"", ""path"": ""src/clamp.ts"", ""mode"": ""100644"", ""kind"": ""blob"", ""oid"": ""d21394ab499dbb3bf1e189d35445bf6c1beb3d92""}}], ""gate"": {""outcome"": ""PASS"", ""code"": null}, ""verify"": {""outcome"": ""FAIL"", ""code"": ""ATTESTATION_INVALID""}}",NEEDS_PROFILE_AND_LAYER_ADAPTER; NOT_DIRECT_PRODUCTION_INPUT,"[""Branch lacks required task/nonce form"", ""Format1 commands use reference npm registry"", ""Policy/attestation/inventory schemas require explicit translation"", ""Repo contains no production manifest/policy/taskindex; local layer only"", ""Synthetic witness is not complete latest paginated GitHub review/run/final snapshots""]"
110-initial-run,initial-run,"{""changes"": [{""pathBytesBase64"": ""c3JjL2NsYW1wLnRz"", ""path"": ""src/clamp.ts"", ""types"": [""MODIFY""], ""old"": {""pathBytesBase64"": ""c3JjL2NsYW1wLnRz"", ""path"": ""src/clamp.ts"", ""mode"": ""100644"", ""kind"": ""blob"", ""oid"": ""5c4cb45c09ef842e5dc32c3fca523f274a4767d5""}, ""new"": {""pathBytesBase64"": ""c3JjL2NsYW1wLnRz"", ""path"": ""src/clamp.ts"", ""mode"": ""100644"", ""kind"": ""blob"", ""oid"": ""d21394ab499dbb3bf1e189d35445bf6c1beb3d92""}}], ""gate"": {""outcome"": ""PASS"", ""code"": null}, ""verify"": {""outcome"": ""FAIL"", ""code"": ""ATTESTATION_INVALID""}}",NEEDS_PROFILE_AND_LAYER_ADAPTER; NOT_DIRECT_PRODUCTION_INPUT,"[""Branch lacks required task/nonce form"", ""Format1 commands use reference npm registry"", ""Policy/attestation/inventory schemas require explicit translation"", ""Repo contains no production manifest/policy/taskindex; local layer only"", ""Synthetic witness is not complete latest paginated GitHub review/run/final snapshots""]"
111-wrong-trigger,wrong-trigger,"{""changes"": [{""pathBytesBase64"": ""c3JjL2NsYW1wLnRz"", ""path"": ""src/clamp.ts"", ""types"": [""MODIFY""], ""old"": {""pathBytesBase64"": ""c3JjL2NsYW1wLnRz"", ""path"": ""src/clamp.ts"", ""mode"": ""100644"", ""kind"": ""blob"", ""oid"": ""5c4cb45c09ef842e5dc32c3fca523f274a4767d5""}, ""new"": {""pathBytesBase64"": ""c3JjL2NsYW1wLnRz"", ""path"": ""src/clamp.ts"", ""mode"": ""100644"", ""kind"": ""blob"", ""oid"": ""d21394ab499dbb3bf1e189d35445bf6c1beb3d92""}}], ""gate"": {""outcome"": ""PASS"", ""code"": null}, ""verify"": {""outcome"": ""FAIL"", ""code"": ""ATTESTATION_INVALID""}}",NEEDS_PROFILE_AND_LAYER_ADAPTER; NOT_DIRECT_PRODUCTION_INPUT,"[""Branch lacks required task/nonce form"", ""Format1 commands use reference npm registry"", ""Policy/attestation/inventory schemas require explicit translation"", ""Repo contains no production manifest/policy/taskindex; local layer only"", ""Synthetic witness is not complete latest paginated GitHub review/run/final snapshots""]"
112-wrong-report,wrong-report,"{""changes"": [{""pathBytesBase64"": ""c3JjL2NsYW1wLnRz"", ""path"": ""src/clamp.ts"", ""types"": [""MODIFY""], ""old"": {""pathBytesBase64"": ""c3JjL2NsYW1wLnRz"", ""path"": ""src/clamp.ts"", ""mode"": ""100644"", ""kind"": ""blob"", ""oid"": ""5c4cb45c09ef842e5dc32c3fca523f274a4767d5""}, ""new"": {""pathBytesBase64"": ""c3JjL2NsYW1wLnRz"", ""path"": ""src/clamp.ts"", ""mode"": ""100644"", ""kind"": ""blob"", ""oid"": ""d21394ab499dbb3bf1e189d35445bf6c1beb3d92""}}], ""gate"": {""outcome"": ""PASS"", ""code"": null}, ""verify"": {""outcome"": ""FAIL"", ""code"": ""ATTESTATION_INVALID""}}",NEEDS_PROFILE_AND_LAYER_ADAPTER; NOT_DIRECT_PRODUCTION_INPUT,"[""Branch lacks required task/nonce form"", ""Format1 commands use reference npm registry"", ""Policy/attestation/inventory schemas require explicit translation"", ""Repo contains no production manifest/policy/taskindex; local layer only"", ""Synthetic witness is not complete latest paginated GitHub review/run/final snapshots""]"
113-todo,todo,"{""changes"": [{""pathBytesBase64"": ""c3JjL2NsYW1wLnRz"", ""path"": ""src/clamp.ts"", ""types"": [""MODIFY""], ""old"": {""pathBytesBase64"": ""c3JjL2NsYW1wLnRz"", ""path"": ""src/clamp.ts"", ""mode"": ""100644"", ""kind"": ""blob"", ""oid"": ""5c4cb45c09ef842e5dc32c3fca523f274a4767d5""}, ""new"": {""pathBytesBase64"": ""c3JjL2NsYW1wLnRz"", ""path"": ""src/clamp.ts"", ""mode"": ""100644"", ""kind"": ""blob"", ""oid"": ""d21394ab499dbb3bf1e189d35445bf6c1beb3d92""}}], ""gate"": {""outcome"": ""PASS"", ""code"": null}, ""verify"": {""outcome"": ""FAIL"", ""code"": ""TEST_NOT_PASSED""}}",NEEDS_PROFILE_AND_LAYER_ADAPTER; NOT_DIRECT_PRODUCTION_INPUT,"[""Branch lacks required task/nonce form"", ""Format1 commands use reference npm registry"", ""Policy/attestation/inventory schemas require explicit translation"", ""Repo contains no production manifest/policy/taskindex; local layer only""]"
114-new-tests,new-tests,"{""changes"": [{""pathBytesBase64"": ""c3JjL2NsYW1wLnRz"", ""path"": ""src/clamp.ts"", ""types"": [""MODIFY""], ""old"": {""pathBytesBase64"": ""c3JjL2NsYW1wLnRz"", ""path"": ""src/clamp.ts"", ""mode"": ""100644"", ""kind"": ""blob"", ""oid"": ""5c4cb45c09ef842e5dc32c3fca523f274a4767d5""}, ""new"": {""pathBytesBase64"": ""c3JjL2NsYW1wLnRz"", ""path"": ""src/clamp.ts"", ""mode"": ""100644"", ""kind"": ""blob"", ""oid"": ""d21394ab499dbb3bf1e189d35445bf6c1beb3d92""}}], ""gate"": {""outcome"": ""PASS"", ""code"": null}, ""verify"": {""outcome"": ""PASS"", ""code"": null}}",NEEDS_PROFILE_AND_LAYER_ADAPTER; NOT_DIRECT_PRODUCTION_INPUT,"[""Branch lacks required task/nonce form"", ""Format1 commands use reference npm registry"", ""Policy/attestation/inventory schemas require explicit translation"", ""Repo contains no production manifest/policy/taskindex; local layer only"", ""Added identities in existing file are disallowed by production freeze; layer-level collection tests only""]"
115-duplicate-title,duplicate-title,"{""changes"": [{""pathBytesBase64"": ""c3JjL2NsYW1wLnRz"", ""path"": ""src/clamp.ts"", ""types"": [""MODIFY""], ""old"": {""pathBytesBase64"": ""c3JjL2NsYW1wLnRz"", ""path"": ""src/clamp.ts"", ""mode"": ""100644"", ""kind"": ""blob"", ""oid"": ""5c4cb45c09ef842e5dc32c3fca523f274a4767d5""}, ""new"": {""pathBytesBase64"": ""c3JjL2NsYW1wLnRz"", ""path"": ""src/clamp.ts"", ""mode"": ""100644"", ""kind"": ""blob"", ""oid"": ""d21394ab499dbb3bf1e189d35445bf6c1beb3d92""}}], ""gate"": {""outcome"": ""PASS"", ""code"": null}, ""verify"": {""outcome"": ""PASS"", ""code"": null}}",NEEDS_PROFILE_AND_LAYER_ADAPTER; NOT_DIRECT_PRODUCTION_INPUT,"[""Branch lacks required task/nonce form"", ""Format1 commands use reference npm registry"", ""Policy/attestation/inventory schemas require explicit translation"", ""Repo contains no production manifest/policy/taskindex; local layer only"", ""Added identities in existing file are disallowed by production freeze; layer-level collection tests only""]"
116-parameterized,parameterized,"{""changes"": [{""pathBytesBase64"": ""c3JjL2NsYW1wLnRz"", ""path"": ""src/clamp.ts"", ""types"": [""MODIFY""], ""old"": {""pathBytesBase64"": ""c3JjL2NsYW1wLnRz"", ""path"": ""src/clamp.ts"", ""mode"": ""100644"", ""kind"": ""blob"", ""oid"": ""5c4cb45c09ef842e5dc32c3fca523f274a4767d5""}, ""new"": {""pathBytesBase64"": ""c3JjL2NsYW1wLnRz"", ""path"": ""src/clamp.ts"", ""mode"": ""100644"", ""kind"": ""blob"", ""oid"": ""d21394ab499dbb3bf1e189d35445bf6c1beb3d92""}}], ""gate"": {""outcome"": ""PASS"", ""code"": null}, ""verify"": {""outcome"": ""PASS"", ""code"": null}}",NEEDS_PROFILE_AND_LAYER_ADAPTER; NOT_DIRECT_PRODUCTION_INPUT,"[""Branch lacks required task/nonce form"", ""Format1 commands use reference npm registry"", ""Policy/attestation/inventory schemas require explicit translation"", ""Repo contains no production manifest/policy/taskindex; local layer only"", ""Added identities in existing file are disallowed by production freeze; layer-level collection tests only""]"
117-config-shrink,config-shrink,"{""changes"": [{""pathBytesBase64"": ""c3JjL2NsYW1wLnRz"", ""path"": ""src/clamp.ts"", ""types"": [""MODIFY""], ""old"": {""pathBytesBase64"": ""c3JjL2NsYW1wLnRz"", ""path"": ""src/clamp.ts"", ""mode"": ""100644"", ""kind"": ""blob"", ""oid"": ""5c4cb45c09ef842e5dc32c3fca523f274a4767d5""}, ""new"": {""pathBytesBase64"": ""c3JjL2NsYW1wLnRz"", ""path"": ""src/clamp.ts"", ""mode"": ""100644"", ""kind"": ""blob"", ""oid"": ""d21394ab499dbb3bf1e189d35445bf6c1beb3d92""}}], ""gate"": {""outcome"": ""PASS"", ""code"": null}, ""verify"": {""outcome"": ""FAIL"", ""code"": ""BASELINE_TEST_LOST""}}",NEEDS_PROFILE_AND_LAYER_ADAPTER; NOT_DIRECT_PRODUCTION_INPUT,"[""Branch lacks required task/nonce form"", ""Format1 commands use reference npm registry"", ""Policy/attestation/inventory schemas require explicit translation"", ""Repo contains no production manifest/policy/taskindex; local layer only"", ""Inventory layer injected witness only; full static gate rejects earlier""]"
118-removed-plus-added,removed-plus-added,"{""changes"": [{""pathBytesBase64"": ""c3JjL2NsYW1wLnRz"", ""path"": ""src/clamp.ts"", ""types"": [""MODIFY""], ""old"": {""pathBytesBase64"": ""c3JjL2NsYW1wLnRz"", ""path"": ""src/clamp.ts"", ""mode"": ""100644"", ""kind"": ""blob"", ""oid"": ""5c4cb45c09ef842e5dc32c3fca523f274a4767d5""}, ""new"": {""pathBytesBase64"": ""c3JjL2NsYW1wLnRz"", ""path"": ""src/clamp.ts"", ""mode"": ""100644"", ""kind"": ""blob"", ""oid"": ""d21394ab499dbb3bf1e189d35445bf6c1beb3d92""}}], ""gate"": {""outcome"": ""PASS"", ""code"": null}, ""verify"": {""outcome"": ""FAIL"", ""code"": ""BASELINE_TEST_LOST""}}",NEEDS_PROFILE_AND_LAYER_ADAPTER; NOT_DIRECT_PRODUCTION_INPUT,"[""Branch lacks required task/nonce form"", ""Format1 commands use reference npm registry"", ""Policy/attestation/inventory schemas require explicit translation"", ""Repo contains no production manifest/policy/taskindex; local layer only"", ""Inventory layer injected witness only; full static gate rejects earlier""]"
119-no-attestation,no-attestation,"{""changes"": [{""pathBytesBase64"": ""c3JjL2NsYW1wLnRz"", ""path"": ""src/clamp.ts"", ""types"": [""MODIFY""], ""old"": {""pathBytesBase64"": ""c3JjL2NsYW1wLnRz"", ""path"": ""src/clamp.ts"", ""mode"": ""100644"", ""kind"": ""blob"", ""oid"": ""5c4cb45c09ef842e5dc32c3fca523f274a4767d5""}, ""new"": {""pathBytesBase64"": ""c3JjL2NsYW1wLnRz"", ""path"": ""src/clamp.ts"", ""mode"": ""100644"", ""kind"": ""blob"", ""oid"": ""d21394ab499dbb3bf1e189d35445bf6c1beb3d92""}}], ""gate"": {""outcome"": ""PASS"", ""code"": null}, ""verify"": {""outcome"": ""FAIL"", ""code"": ""ATTESTATION_INVALID""}}",NEEDS_PROFILE_AND_LAYER_ADAPTER; NOT_DIRECT_PRODUCTION_INPUT,"[""Branch lacks required task/nonce form"", ""Format1 commands use reference npm registry"", ""Policy/attestation/inventory schemas require explicit translation"", ""Repo contains no production manifest/policy/taskindex; local layer only"", ""Synthetic witness is not complete latest paginated GitHub review/run/final snapshots""]"
120-legitimate,legitimate,"{""changes"": [{""pathBytesBase64"": ""c3JjL2NsYW1wLnRz"", ""path"": ""src/clamp.ts"", ""types"": [""MODIFY""], ""old"": {""pathBytesBase64"": ""c3JjL2NsYW1wLnRz"", ""path"": ""src/clamp.ts"", ""mode"": ""100644"", ""kind"": ""blob"", ""oid"": ""5c4cb45c09ef842e5dc32c3fca523f274a4767d5""}, ""new"": {""pathBytesBase64"": ""c3JjL2NsYW1wLnRz"", ""path"": ""src/clamp.ts"", ""mode"": ""100644"", ""kind"": ""blob"", ""oid"": ""d21394ab499dbb3bf1e189d35445bf6c1beb3d92""}}], ""gate"": {""outcome"": ""PASS"", ""code"": null}, ""verify"": {""outcome"": ""PASS"", ""code"": null}}",NEEDS_PROFILE_AND_LAYER_ADAPTER; NOT_DIRECT_PRODUCTION_INPUT,"[""Branch lacks required task/nonce form"", ""Format1 commands use reference npm registry"", ""Policy/attestation/inventory schemas require explicit translation"", ""Repo contains no production manifest/policy/taskindex; local layer only"", ""Reference fixture includes merge HEAD; production requires all new commits single parent""]"
121-scope,scope,"{""changes"": [{""pathBytesBase64"": ""c3JjL2NsYW1wLnRz"", ""path"": ""src/clamp.ts"", ""types"": [""MODIFY""], ""old"": {""pathBytesBase64"": ""c3JjL2NsYW1wLnRz"", ""path"": ""src/clamp.ts"", ""mode"": ""100644"", ""kind"": ""blob"", ""oid"": ""5c4cb45c09ef842e5dc32c3fca523f274a4767d5""}, ""new"": {""pathBytesBase64"": ""c3JjL2NsYW1wLnRz"", ""path"": ""src/clamp.ts"", ""mode"": ""100644"", ""kind"": ""blob"", ""oid"": ""d21394ab499dbb3bf1e189d35445bf6c1beb3d92""}}, {""pathBytesBase64"": ""c3JjL290aGVyLnRz"", ""path"": ""src/other.ts"", ""types"": [""MODIFY""], ""old"": {""pathBytesBase64"": ""c3JjL290aGVyLnRz"", ""path"": ""src/other.ts"", ""mode"": ""100644"", ""kind"": ""blob"", ""oid"": ""b960b84d4b898b04800fab0948190d7d3f70ea1e""}, ""new"": {""pathBytesBase64"": ""c3JjL290aGVyLnRz"", ""path"": ""src/other.ts"", ""mode"": ""100644"", ""kind"": ""blob"", ""oid"": ""21fb1eca31e64cd3914025058b21992ab76edcf9""}}], ""gate"": {""outcome"": ""FAIL"", ""code"": ""SCOPE_VIOLATION""}, ""verify"": {""outcome"": ""FAIL"", ""code"": ""SCOPE_VIOLATION""}}",NEEDS_PROFILE_AND_LAYER_ADAPTER; NOT_DIRECT_PRODUCTION_INPUT,"[""Branch lacks required task/nonce form"", ""Format1 commands use reference npm registry"", ""Policy/attestation/inventory schemas require explicit translation"", ""Repo contains no production manifest/policy/taskindex; local layer only""]"
122-deleted-test,deleted-test,"{""changes"": [{""pathBytesBase64"": ""c3JjL2NsYW1wLnRz"", ""path"": ""src/clamp.ts"", ""types"": [""MODIFY""], ""old"": {""pathBytesBase64"": ""c3JjL2NsYW1wLnRz"", ""path"": ""src/clamp.ts"", ""mode"": ""100644"", ""kind"": ""blob"", ""oid"": ""5c4cb45c09ef842e5dc32c3fca523f274a4767d5""}, ""new"": {""pathBytesBase64"": ""c3JjL2NsYW1wLnRz"", ""path"": ""src/clamp.ts"", ""mode"": ""100644"", ""kind"": ""blob"", ""oid"": ""d21394ab499dbb3bf1e189d35445bf6c1beb3d92""}}, {""pathBytesBase64"": ""dGVzdHMvY2xhbXAudGVzdC50cw=="", ""path"": ""tests/clamp.test.ts"", ""types"": [""DELETE""], ""old"": {""pathBytesBase64"": ""dGVzdHMvY2xhbXAudGVzdC50cw=="", ""path"": ""tests/clamp.test.ts"", ""mode"": ""100644"", ""kind"": ""blob"", ""oid"": ""3ecc867d39c2e279ab813e0942be19b3dd070619""}, ""new"": null}], ""gate"": {""outcome"": ""FAIL"", ""code"": ""TEST_FROZEN""}, ""verify"": {""outcome"": ""FAIL"", ""code"": ""TEST_FROZEN""}}",NEEDS_PROFILE_AND_LAYER_ADAPTER; NOT_DIRECT_PRODUCTION_INPUT,"[""Branch lacks required task/nonce form"", ""Format1 commands use reference npm registry"", ""Policy/attestation/inventory schemas require explicit translation"", ""Repo contains no production manifest/policy/taskindex; local layer only""]"
123-skipped-test,skipped-test,"{""changes"": [{""pathBytesBase64"": ""c3JjL2NsYW1wLnRz"", ""path"": ""src/clamp.ts"", ""types"": [""MODIFY""], ""old"": {""pathBytesBase64"": ""c3JjL2NsYW1wLnRz"", ""path"": ""src/clamp.ts"", ""mode"": ""100644"", ""kind"": ""blob"", ""oid"": ""5c4cb45c09ef842e5dc32c3fca523f274a4767d5""}, ""new"": {""pathBytesBase64"": ""c3JjL2NsYW1wLnRz"", ""path"": ""src/clamp.ts"", ""mode"": ""100644"", ""kind"": ""blob"", ""oid"": ""d21394ab499dbb3bf1e189d35445bf6c1beb3d92""}}, {""pathBytesBase64"": ""dGVzdHMvY2xhbXAudGVzdC50cw=="", ""path"": ""tests/clamp.test.ts"", ""types"": [""MODIFY""], ""old"": {""pathBytesBase64"": ""dGVzdHMvY2xhbXAudGVzdC50cw=="", ""path"": ""tests/clamp.test.ts"", ""mode"": ""100644"", ""kind"": ""blob"", ""oid"": ""3ecc867d39c2e279ab813e0942be19b3dd070619""}, ""new"": {""pathBytesBase64"": ""dGVzdHMvY2xhbXAudGVzdC50cw=="", ""path"": ""tests/clamp.test.ts"", ""mode"": ""100644"", ""kind"": ""blob"", ""oid"": ""1d2c107fcfa50551948ddc408eb410709756cd51""}}], ""gate"": {""outcome"": ""FAIL"", ""code"": ""TEST_FROZEN""}, ""verify"": {""outcome"": ""FAIL"", ""code"": ""TEST_FROZEN""}}",NEEDS_PROFILE_AND_LAYER_ADAPTER; NOT_DIRECT_PRODUCTION_INPUT,"[""Branch lacks required task/nonce form"", ""Format1 commands use reference npm registry"", ""Policy/attestation/inventory schemas require explicit translation"", ""Repo contains no production manifest/policy/taskindex; local layer only""]"
124-config,config,"{""changes"": [{""pathBytesBase64"": ""c3JjL2NsYW1wLnRz"", ""path"": ""src/clamp.ts"", ""types"": [""MODIFY""], ""old"": {""pathBytesBase64"": ""c3JjL2NsYW1wLnRz"", ""path"": ""src/clamp.ts"", ""mode"": ""100644"", ""kind"": ""blob"", ""oid"": ""5c4cb45c09ef842e5dc32c3fca523f274a4767d5""}, ""new"": {""pathBytesBase64"": ""c3JjL2NsYW1wLnRz"", ""path"": ""src/clamp.ts"", ""mode"": ""100644"", ""kind"": ""blob"", ""oid"": ""d21394ab499dbb3bf1e189d35445bf6c1beb3d92""}}, {""pathBytesBase64"": ""dml0ZXN0LmNvbmZpZy5tanM="", ""path"": ""vitest.config.mjs"", ""types"": [""ADD""], ""old"": null, ""new"": {""pathBytesBase64"": ""dml0ZXN0LmNvbmZpZy5tanM="", ""path"": ""vitest.config.mjs"", ""mode"": ""100644"", ""kind"": ""blob"", ""oid"": ""7c645e42fb75c2cb63a74ee7081fba37f511818e""}}], ""gate"": {""outcome"": ""FAIL"", ""code"": ""PROTECTED_PATH""}, ""verify"": {""outcome"": ""FAIL"", ""code"": ""PROTECTED_PATH""}}",NEEDS_PROFILE_AND_LAYER_ADAPTER; NOT_DIRECT_PRODUCTION_INPUT,"[""Branch lacks required task/nonce form"", ""Format1 commands use reference npm registry"", ""Policy/attestation/inventory schemas require explicit translation"", ""Repo contains no production manifest/policy/taskindex; local layer only""]"
125-protected,protected,"{""changes"": [{""pathBytesBase64"": ""LmdpdGh1Yi93b3JrZmxvd3MvZXZpbC55bWw="", ""path"": "".github/workflows/evil.yml"", ""types"": [""ADD""], ""old"": null, ""new"": {""pathBytesBase64"": ""LmdpdGh1Yi93b3JrZmxvd3MvZXZpbC55bWw="", ""path"": "".github/workflows/evil.yml"", ""mode"": ""100644"", ""kind"": ""blob"", ""oid"": ""389d7117956ddd977d601b33cdf95aa8f29c201e""}}, {""pathBytesBase64"": ""c3JjL2NsYW1wLnRz"", ""path"": ""src/clamp.ts"", ""types"": [""MODIFY""], ""old"": {""pathBytesBase64"": ""c3JjL2NsYW1wLnRz"", ""path"": ""src/clamp.ts"", ""mode"": ""100644"", ""kind"": ""blob"", ""oid"": ""5c4cb45c09ef842e5dc32c3fca523f274a4767d5""}, ""new"": {""pathBytesBase64"": ""c3JjL2NsYW1wLnRz"", ""path"": ""src/clamp.ts"", ""mode"": ""100644"", ""kind"": ""blob"", ""oid"": ""d21394ab499dbb3bf1e189d35445bf6c1beb3d92""}}], ""gate"": {""outcome"": ""FAIL"", ""code"": ""PROTECTED_PATH""}, ""verify"": {""outcome"": ""FAIL"", ""code"": ""PROTECTED_PATH""}}",NEEDS_PROFILE_AND_LAYER_ADAPTER; NOT_DIRECT_PRODUCTION_INPUT,"[""Branch lacks required task/nonce form"", ""Format1 commands use reference npm registry"", ""Policy/attestation/inventory schemas require explicit translation"", ""Repo contains no production manifest/policy/taskindex; local layer only""]"
126-extra,extra,"{""changes"": [{""pathBytesBase64"": ""bm90ZXMudHh0"", ""path"": ""notes.txt"", ""types"": [""ADD""], ""old"": null, ""new"": {""pathBytesBase64"": ""bm90ZXMudHh0"", ""path"": ""notes.txt"", ""mode"": ""100644"", ""kind"": ""blob"", ""oid"": ""3041adec9105ce2abb98307afd1f4aeb2e97c504""}}, {""pathBytesBase64"": ""c3JjL2NsYW1wLnRz"", ""path"": ""src/clamp.ts"", ""types"": [""MODIFY""], ""old"": {""pathBytesBase64"": ""c3JjL2NsYW1wLnRz"", ""path"": ""src/clamp.ts"", ""mode"": ""100644"", ""kind"": ""blob"", ""oid"": ""5c4cb45c09ef842e5dc32c3fca523f274a4767d5""}, ""new"": {""pathBytesBase64"": ""c3JjL2NsYW1wLnRz"", ""path"": ""src/clamp.ts"", ""mode"": ""100644"", ""kind"": ""blob"", ""oid"": ""d21394ab499dbb3bf1e189d35445bf6c1beb3d92""}}], ""gate"": {""outcome"": ""FAIL"", ""code"": ""SCOPE_VIOLATION""}, ""verify"": {""outcome"": ""FAIL"", ""code"": ""SCOPE_VIOLATION""}}",NEEDS_PROFILE_AND_LAYER_ADAPTER; NOT_DIRECT_PRODUCTION_INPUT,"[""Branch lacks required task/nonce form"", ""Format1 commands use reference npm registry"", ""Policy/attestation/inventory schemas require explicit translation"", ""Repo contains no production manifest/policy/taskindex; local layer only""]"
127-survived,survived,"{""changes"": [{""pathBytesBase64"": ""c3JjL2NsYW1wLnRz"", ""path"": ""src/clamp.ts"", ""types"": [""MODIFY""], ""old"": {""pathBytesBase64"": ""c3JjL2NsYW1wLnRz"", ""path"": ""src/clamp.ts"", ""mode"": ""100644"", ""kind"": ""blob"", ""oid"": ""5c4cb45c09ef842e5dc32c3fca523f274a4767d5""}, ""new"": {""pathBytesBase64"": ""c3JjL2NsYW1wLnRz"", ""path"": ""src/clamp.ts"", ""mode"": ""100644"", ""kind"": ""blob"", ""oid"": ""d21394ab499dbb3bf1e189d35445bf6c1beb3d92""}}], ""gate"": {""outcome"": ""PASS"", ""code"": null}, ""verify"": {""outcome"": ""FAIL"", ""code"": ""MUTANT_SURVIVED""}}",NEEDS_PROFILE_AND_LAYER_ADAPTER; NOT_DIRECT_PRODUCTION_INPUT,"[""Branch lacks required task/nonce form"", ""Format1 commands use reference npm registry"", ""Policy/attestation/inventory schemas require explicit translation"", ""Repo contains no production manifest/policy/taskindex; local layer only""]"
128-stale,stale,"{""changes"": [{""pathBytesBase64"": ""c3JjL2NsYW1wLnRz"", ""path"": ""src/clamp.ts"", ""types"": [""MODIFY""], ""old"": {""pathBytesBase64"": ""c3JjL2NsYW1wLnRz"", ""path"": ""src/clamp.ts"", ""mode"": ""100644"", ""kind"": ""blob"", ""oid"": ""5c4cb45c09ef842e5dc32c3fca523f274a4767d5""}, ""new"": {""pathBytesBase64"": ""c3JjL2NsYW1wLnRz"", ""path"": ""src/clamp.ts"", ""mode"": ""100644"", ""kind"": ""blob"", ""oid"": ""d21394ab499dbb3bf1e189d35445bf6c1beb3d92""}}], ""gate"": {""outcome"": ""FAIL"", ""code"": ""STALE_HEAD""}, ""verify"": {""outcome"": ""FAIL"", ""code"": ""STALE_HEAD""}}",NEEDS_PROFILE_AND_LAYER_ADAPTER; NOT_DIRECT_PRODUCTION_INPUT,"[""Branch lacks required task/nonce form"", ""Format1 commands use reference npm registry"", ""Policy/attestation/inventory schemas require explicit translation"", ""Repo contains no production manifest/policy/taskindex; local layer only""]"
129-invalid-utf8,invalid-utf8,"{""changes"": [{""pathBytesBase64"": ""YmFk/w=="", ""path"": ""bad\\xff"", ""types"": [""ADD""], ""old"": null, ""new"": {""pathBytesBase64"": ""YmFk/w=="", ""path"": ""bad\\xff"", ""mode"": ""100644"", ""kind"": ""blob"", ""oid"": ""c1b0730e0133447badcfd47fd144e254807b06e1""}}, {""pathBytesBase64"": ""c3JjL2NsYW1wLnRz"", ""path"": ""src/clamp.ts"", ""types"": [""MODIFY""], ""old"": {""pathBytesBase64"": ""c3JjL2NsYW1wLnRz"", ""path"": ""src/clamp.ts"", ""mode"": ""100644"", ""kind"": ""blob"", ""oid"": ""5c4cb45c09ef842e5dc32c3fca523f274a4767d5""}, ""new"": {""pathBytesBase64"": ""c3JjL2NsYW1wLnRz"", ""path"": ""src/clamp.ts"", ""mode"": ""100644"", ""kind"": ""blob"", ""oid"": ""d21394ab499dbb3bf1e189d35445bf6c1beb3d92""}}], ""gate"": {""outcome"": ""FAIL"", ""code"": ""PATH_UNSAFE""}, ""verify"": {""outcome"": ""FAIL"", ""code"": ""PATH_UNSAFE""}}",NEEDS_PROFILE_AND_LAYER_ADAPTER; NOT_DIRECT_PRODUCTION_INPUT,"[""Branch lacks required task/nonce form"", ""Format1 commands use reference npm registry"", ""Policy/attestation/inventory schemas require explicit translation"", ""Repo contains no production manifest/policy/taskindex; local layer only""]"
130-control,control,"{""changes"": [{""pathBytesBase64"": ""YQoJ"", ""path"": ""a\n\t"", ""types"": [""ADD""], ""old"": null, ""new"": {""pathBytesBase64"": ""YQoJ"", ""path"": ""a\n\t"", ""mode"": ""100644"", ""kind"": ""blob"", ""oid"": ""c1b0730e0133447badcfd47fd144e254807b06e1""}}, {""pathBytesBase64"": ""c3JjL2NsYW1wLnRz"", ""path"": ""src/clamp.ts"", ""types"": [""MODIFY""], ""old"": {""pathBytesBase64"": ""c3JjL2NsYW1wLnRz"", ""path"": ""src/clamp.ts"", ""mode"": ""100644"", ""kind"": ""blob"", ""oid"": ""5c4cb45c09ef842e5dc32c3fca523f274a4767d5""}, ""new"": {""pathBytesBase64"": ""c3JjL2NsYW1wLnRz"", ""path"": ""src/clamp.ts"", ""mode"": ""100644"", ""kind"": ""blob"", ""oid"": ""d21394ab499dbb3bf1e189d35445bf6c1beb3d92""}}], ""gate"": {""outcome"": ""FAIL"", ""code"": ""PATH_UNSAFE""}, ""verify"": {""outcome"": ""FAIL"", ""code"": ""PATH_UNSAFE""}}",NEEDS_PROFILE_AND_LAYER_ADAPTER; NOT_DIRECT_PRODUCTION_INPUT,"[""Branch lacks required task/nonce form"", ""Format1 commands use reference npm registry"", ""Policy/attestation/inventory schemas require explicit translation"", ""Repo contains no production manifest/policy/taskindex; local layer only""]"
131-del,del,"{""changes"": [{""pathBytesBase64"": ""YX8="", ""path"": ""a"", ""types"": [""ADD""], ""old"": null, ""new"": {""pathBytesBase64"": ""YX8="", ""path"": ""a"", ""mode"": ""100644"", ""kind"": ""blob"", ""oid"": ""c1b0730e0133447badcfd47fd144e254807b06e1""}}, {""pathBytesBase64"": ""c3JjL2NsYW1wLnRz"", ""path"": ""src/clamp.ts"", ""types"": [""MODIFY""], ""old"": {""pathBytesBase64"": ""c3JjL2NsYW1wLnRz"", ""path"": ""src/clamp.ts"", ""mode"": ""100644"", ""kind"": ""blob"", ""oid"": ""5c4cb45c09ef842e5dc32c3fca523f274a4767d5""}, ""new"": {""pathBytesBase64"": ""c3JjL2NsYW1wLnRz"", ""path"": ""src/clamp.ts"", ""mode"": ""100644"", ""kind"": ""blob"", ""oid"": ""d21394ab499dbb3bf1e189d35445bf6c1beb3d92""}}], ""gate"": {""outcome"": ""FAIL"", ""code"": ""PATH_UNSAFE""}, ""verify"": {""outcome"": ""FAIL"", ""code"": ""PATH_UNSAFE""}}",NEEDS_PROFILE_AND_LAYER_ADAPTER; NOT_DIRECT_PRODUCTION_INPUT,"[""Branch lacks required task/nonce form"", ""Format1 commands use reference npm registry"", ""Policy/attestation/inventory schemas require explicit translation"", ""Repo contains no production manifest/policy/taskindex; local layer only""]"
132-dot,dot,"{""changes"": [{""pathBytesBase64"": ""Li94"", ""path"": ""./x"", ""types"": [""ADD""], ""old"": null, ""new"": {""pathBytesBase64"": ""Li94"", ""path"": ""./x"", ""mode"": ""100644"", ""kind"": ""blob"", ""oid"": ""c1b0730e0133447badcfd47fd144e254807b06e1""}}, {""pathBytesBase64"": ""c3JjL2NsYW1wLnRz"", ""path"": ""src/clamp.ts"", ""types"": [""MODIFY""], ""old"": {""pathBytesBase64"": ""c3JjL2NsYW1wLnRz"", ""path"": ""src/clamp.ts"", ""mode"": ""100644"", ""kind"": ""blob"", ""oid"": ""5c4cb45c09ef842e5dc32c3fca523f274a4767d5""}, ""new"": {""pathBytesBase64"": ""c3JjL2NsYW1wLnRz"", ""path"": ""src/clamp.ts"", ""mode"": ""100644"", ""kind"": ""blob"", ""oid"": ""d21394ab499dbb3bf1e189d35445bf6c1beb3d92""}}], ""gate"": {""outcome"": ""FAIL"", ""code"": ""PATH_UNSAFE""}, ""verify"": {""outcome"": ""FAIL"", ""code"": ""PATH_UNSAFE""}}",NEEDS_PROFILE_AND_LAYER_ADAPTER; NOT_DIRECT_PRODUCTION_INPUT,"[""Branch lacks required task/nonce form"", ""Format1 commands use reference npm registry"", ""Policy/attestation/inventory schemas require explicit translation"", ""Repo contains no production manifest/policy/taskindex; local layer only""]"
133-dotdot,dotdot,"{""changes"": [{""pathBytesBase64"": ""Li4veA=="", ""path"": ""../x"", ""types"": [""ADD""], ""old"": null, ""new"": {""pathBytesBase64"": ""Li4veA=="", ""path"": ""../x"", ""mode"": ""100644"", ""kind"": ""blob"", ""oid"": ""c1b0730e0133447badcfd47fd144e254807b06e1""}}, {""pathBytesBase64"": ""c3JjL2NsYW1wLnRz"", ""path"": ""src/clamp.ts"", ""types"": [""MODIFY""], ""old"": {""pathBytesBase64"": ""c3JjL2NsYW1wLnRz"", ""path"": ""src/clamp.ts"", ""mode"": ""100644"", ""kind"": ""blob"", ""oid"": ""5c4cb45c09ef842e5dc32c3fca523f274a4767d5""}, ""new"": {""pathBytesBase64"": ""c3JjL2NsYW1wLnRz"", ""path"": ""src/clamp.ts"", ""mode"": ""100644"", ""kind"": ""blob"", ""oid"": ""d21394ab499dbb3bf1e189d35445bf6c1beb3d92""}}], ""gate"": {""outcome"": ""FAIL"", ""code"": ""PATH_UNSAFE""}, ""verify"": {""outcome"": ""FAIL"", ""code"": ""PATH_UNSAFE""}}",NEEDS_PROFILE_AND_LAYER_ADAPTER; NOT_DIRECT_PRODUCTION_INPUT,"[""Branch lacks required task/nonce form"", ""Format1 commands use reference npm registry"", ""Policy/attestation/inventory schemas require explicit translation"", ""Repo contains no production manifest/policy/taskindex; local layer only""]"
134-git,git,"{""changes"": [{""pathBytesBase64"": ""LmdpdC9jb25maWc="", ""path"": "".git/config"", ""types"": [""ADD""], ""old"": null, ""new"": {""pathBytesBase64"": ""LmdpdC9jb25maWc="", ""path"": "".git/config"", ""mode"": ""100644"", ""kind"": ""blob"", ""oid"": ""c1b0730e0133447badcfd47fd144e254807b06e1""}}, {""pathBytesBase64"": ""c3JjL2NsYW1wLnRz"", ""path"": ""src/clamp.ts"", ""types"": [""MODIFY""], ""old"": {""pathBytesBase64"": ""c3JjL2NsYW1wLnRz"", ""path"": ""src/clamp.ts"", ""mode"": ""100644"", ""kind"": ""blob"", ""oid"": ""5c4cb45c09ef842e5dc32c3fca523f274a4767d5""}, ""new"": {""pathBytesBase64"": ""c3JjL2NsYW1wLnRz"", ""path"": ""src/clamp.ts"", ""mode"": ""100644"", ""kind"": ""blob"", ""oid"": ""d21394ab499dbb3bf1e189d35445bf6c1beb3d92""}}], ""gate"": {""outcome"": ""FAIL"", ""code"": ""PATH_UNSAFE""}, ""verify"": {""outcome"": ""FAIL"", ""code"": ""PATH_UNSAFE""}}",NEEDS_PROFILE_AND_LAYER_ADAPTER; NOT_DIRECT_PRODUCTION_INPUT,"[""Branch lacks required task/nonce form"", ""Format1 commands use reference npm registry"", ""Policy/attestation/inventory schemas require explicit translation"", ""Repo contains no production manifest/policy/taskindex; local layer only""]"
135-case,case,"{""changes"": [{""pathBytesBase64"": ""QS50cw=="", ""path"": ""A.ts"", ""types"": [""ADD""], ""old"": null, ""new"": {""pathBytesBase64"": ""QS50cw=="", ""path"": ""A.ts"", ""mode"": ""100644"", ""kind"": ""blob"", ""oid"": ""2e65efe2a145dda7ee51d1741299f848e5bf752e""}}, {""pathBytesBase64"": ""YS50cw=="", ""path"": ""a.ts"", ""types"": [""ADD""], ""old"": null, ""new"": {""pathBytesBase64"": ""YS50cw=="", ""path"": ""a.ts"", ""mode"": ""100644"", ""kind"": ""blob"", ""oid"": ""63d8dbd40c23542e740659a7168a0ce3138ea748""}}, {""pathBytesBase64"": ""c3JjL2NsYW1wLnRz"", ""path"": ""src/clamp.ts"", ""types"": [""MODIFY""], ""old"": {""pathBytesBase64"": ""c3JjL2NsYW1wLnRz"", ""path"": ""src/clamp.ts"", ""mode"": ""100644"", ""kind"": ""blob"", ""oid"": ""5c4cb45c09ef842e5dc32c3fca523f274a4767d5""}, ""new"": {""pathBytesBase64"": ""c3JjL2NsYW1wLnRz"", ""path"": ""src/clamp.ts"", ""mode"": ""100644"", ""kind"": ""blob"", ""oid"": ""d21394ab499dbb3bf1e189d35445bf6c1beb3d92""}}], ""gate"": {""outcome"": ""FAIL"", ""code"": ""PATH_UNSAFE""}, ""verify"": {""outcome"": ""FAIL"", ""code"": ""PATH_UNSAFE""}}",NEEDS_PROFILE_AND_LAYER_ADAPTER; NOT_DIRECT_PRODUCTION_INPUT,"[""Branch lacks required task/nonce form"", ""Format1 commands use reference npm registry"", ""Policy/attestation/inventory schemas require explicit translation"", ""Repo contains no production manifest/policy/taskindex; local layer only""]"
136-unicode-normalization,unicode-normalization,"{""changes"": [{""pathBytesBase64"": ""ZcyBLnRz"", ""path"": ""é.ts"", ""types"": [""ADD""], ""old"": null, ""new"": {""pathBytesBase64"": ""ZcyBLnRz"", ""path"": ""é.ts"", ""mode"": ""100644"", ""kind"": ""blob"", ""oid"": ""63d8dbd40c23542e740659a7168a0ce3138ea748""}}, {""pathBytesBase64"": ""c3JjL2NsYW1wLnRz"", ""path"": ""src/clamp.ts"", ""types"": [""MODIFY""], ""old"": {""pathBytesBase64"": ""c3JjL2NsYW1wLnRz"", ""path"": ""src/clamp.ts"", ""mode"": ""100644"", ""kind"": ""blob"", ""oid"": ""5c4cb45c09ef842e5dc32c3fca523f274a4767d5""}, ""new"": {""pathBytesBase64"": ""c3JjL2NsYW1wLnRz"", ""path"": ""src/clamp.ts"", ""mode"": ""100644"", ""kind"": ""blob"", ""oid"": ""d21394ab499dbb3bf1e189d35445bf6c1beb3d92""}}, {""pathBytesBase64"": ""w6kudHM="", ""path"": ""é.ts"", ""types"": [""ADD""], ""old"": null, ""new"": {""pathBytesBase64"": ""w6kudHM="", ""path"": ""é.ts"", ""mode"": ""100644"", ""kind"": ""blob"", ""oid"": ""2e65efe2a145dda7ee51d1741299f848e5bf752e""}}], ""gate"": {""outcome"": ""FAIL"", ""code"": ""PATH_UNSAFE""}, ""verify"": {""outcome"": ""FAIL"", ""code"": ""PATH_UNSAFE""}}",NEEDS_PROFILE_AND_LAYER_ADAPTER; NOT_DIRECT_PRODUCTION_INPUT,"[""Branch lacks required task/nonce form"", ""Format1 commands use reference npm registry"", ""Policy/attestation/inventory schemas require explicit translation"", ""Repo contains no production manifest/policy/taskindex; local layer only""]"
137-prefix-case,prefix-case,"{""changes"": [{""pathBytesBase64"": ""QS94"", ""path"": ""A/x"", ""types"": [""ADD""], ""old"": null, ""new"": {""pathBytesBase64"": ""QS94"", ""path"": ""A/x"", ""mode"": ""100644"", ""kind"": ""blob"", ""oid"": ""2e65efe2a145dda7ee51d1741299f848e5bf752e""}}, {""pathBytesBase64"": ""YS95"", ""path"": ""a/y"", ""types"": [""ADD""], ""old"": null, ""new"": {""pathBytesBase64"": ""YS95"", ""path"": ""a/y"", ""mode"": ""100644"", ""kind"": ""blob"", ""oid"": ""63d8dbd40c23542e740659a7168a0ce3138ea748""}}, {""pathBytesBase64"": ""c3JjL2NsYW1wLnRz"", ""path"": ""src/clamp.ts"", ""types"": [""MODIFY""], ""old"": {""pathBytesBase64"": ""c3JjL2NsYW1wLnRz"", ""path"": ""src/clamp.ts"", ""mode"": ""100644"", ""kind"": ""blob"", ""oid"": ""5c4cb45c09ef842e5dc32c3fca523f274a4767d5""}, ""new"": {""pathBytesBase64"": ""c3JjL2NsYW1wLnRz"", ""path"": ""src/clamp.ts"", ""mode"": ""100644"", ""kind"": ""blob"", ""oid"": ""d21394ab499dbb3bf1e189d35445bf6c1beb3d92""}}], ""gate"": {""outcome"": ""FAIL"", ""code"": ""PATH_UNSAFE""}, ""verify"": {""outcome"": ""FAIL"", ""code"": ""PATH_UNSAFE""}}",NEEDS_PROFILE_AND_LAYER_ADAPTER; NOT_DIRECT_PRODUCTION_INPUT,"[""Branch lacks required task/nonce form"", ""Format1 commands use reference npm registry"", ""Policy/attestation/inventory schemas require explicit translation"", ""Repo contains no production manifest/policy/taskindex; local layer only""]"
138-windows,windows,"{""changes"": [{""pathBytesBase64"": ""QVVYLnR4dA=="", ""path"": ""AUX.txt"", ""types"": [""ADD""], ""old"": null, ""new"": {""pathBytesBase64"": ""QVVYLnR4dA=="", ""path"": ""AUX.txt"", ""mode"": ""100644"", ""kind"": ""blob"", ""oid"": ""c1b0730e0133447badcfd47fd144e254807b06e1""}}, {""pathBytesBase64"": ""c3JjL2NsYW1wLnRz"", ""path"": ""src/clamp.ts"", ""types"": [""MODIFY""], ""old"": {""pathBytesBase64"": ""c3JjL2NsYW1wLnRz"", ""path"": ""src/clamp.ts"", ""mode"": ""100644"", ""kind"": ""blob"", ""oid"": ""5c4cb45c09ef842e5dc32c3fca523f274a4767d5""}, ""new"": {""pathBytesBase64"": ""c3JjL2NsYW1wLnRz"", ""path"": ""src/clamp.ts"", ""mode"": ""100644"", ""kind"": ""blob"", ""oid"": ""d21394ab499dbb3bf1e189d35445bf6c1beb3d92""}}], ""gate"": {""outcome"": ""FAIL"", ""code"": ""PATH_UNSAFE""}, ""verify"": {""outcome"": ""FAIL"", ""code"": ""PATH_UNSAFE""}}",NEEDS_PROFILE_AND_LAYER_ADAPTER; NOT_DIRECT_PRODUCTION_INPUT,"[""Branch lacks required task/nonce form"", ""Format1 commands use reference npm registry"", ""Policy/attestation/inventory schemas require explicit translation"", ""Repo contains no production manifest/policy/taskindex; local layer only""]"
139-trailing-dot,trailing-dot,"{""changes"": [{""pathBytesBase64"": ""bmFtZS4="", ""path"": ""name."", ""types"": [""ADD""], ""old"": null, ""new"": {""pathBytesBase64"": ""bmFtZS4="", ""path"": ""name."", ""mode"": ""100644"", ""kind"": ""blob"", ""oid"": ""c1b0730e0133447badcfd47fd144e254807b06e1""}}, {""pathBytesBase64"": ""c3JjL2NsYW1wLnRz"", ""path"": ""src/clamp.ts"", ""types"": [""MODIFY""], ""old"": {""pathBytesBase64"": ""c3JjL2NsYW1wLnRz"", ""path"": ""src/clamp.ts"", ""mode"": ""100644"", ""kind"": ""blob"", ""oid"": ""5c4cb45c09ef842e5dc32c3fca523f274a4767d5""}, ""new"": {""pathBytesBase64"": ""c3JjL2NsYW1wLnRz"", ""path"": ""src/clamp.ts"", ""mode"": ""100644"", ""kind"": ""blob"", ""oid"": ""d21394ab499dbb3bf1e189d35445bf6c1beb3d92""}}], ""gate"": {""outcome"": ""FAIL"", ""code"": ""PATH_UNSAFE""}, ""verify"": {""outcome"": ""FAIL"", ""code"": ""PATH_UNSAFE""}}",NEEDS_PROFILE_AND_LAYER_ADAPTER; NOT_DIRECT_PRODUCTION_INPUT,"[""Branch lacks required task/nonce form"", ""Format1 commands use reference npm registry"", ""Policy/attestation/inventory schemas require explicit translation"", ""Repo contains no production manifest/policy/taskindex; local layer only""]"
140-trailing-space,trailing-space,"{""changes"": [{""pathBytesBase64"": ""bmFtZSA="", ""path"": ""name "", ""types"": [""ADD""], ""old"": null, ""new"": {""pathBytesBase64"": ""bmFtZSA="", ""path"": ""name "", ""mode"": ""100644"", ""kind"": ""blob"", ""oid"": ""c1b0730e0133447badcfd47fd144e254807b06e1""}}, {""pathBytesBase64"": ""c3JjL2NsYW1wLnRz"", ""path"": ""src/clamp.ts"", ""types"": [""MODIFY""], ""old"": {""pathBytesBase64"": ""c3JjL2NsYW1wLnRz"", ""path"": ""src/clamp.ts"", ""mode"": ""100644"", ""kind"": ""blob"", ""oid"": ""5c4cb45c09ef842e5dc32c3fca523f274a4767d5""}, ""new"": {""pathBytesBase64"": ""c3JjL2NsYW1wLnRz"", ""path"": ""src/clamp.ts"", ""mode"": ""100644"", ""kind"": ""blob"", ""oid"": ""d21394ab499dbb3bf1e189d35445bf6c1beb3d92""}}], ""gate"": {""outcome"": ""FAIL"", ""code"": ""PATH_UNSAFE""}, ""verify"": {""outcome"": ""FAIL"", ""code"": ""PATH_UNSAFE""}}",NEEDS_PROFILE_AND_LAYER_ADAPTER; NOT_DIRECT_PRODUCTION_INPUT,"[""Branch lacks required task/nonce form"", ""Format1 commands use reference npm registry"", ""Policy/attestation/inventory schemas require explicit translation"", ""Repo contains no production manifest/policy/taskindex; local layer only""]"
141-colon,colon,"{""changes"": [{""pathBytesBase64"": ""bmFtZTpzdHJlYW0="", ""path"": ""name:stream"", ""types"": [""ADD""], ""old"": null, ""new"": {""pathBytesBase64"": ""bmFtZTpzdHJlYW0="", ""path"": ""name:stream"", ""mode"": ""100644"", ""kind"": ""blob"", ""oid"": ""c1b0730e0133447badcfd47fd144e254807b06e1""}}, {""pathBytesBase64"": ""c3JjL2NsYW1wLnRz"", ""path"": ""src/clamp.ts"", ""types"": [""MODIFY""], ""old"": {""pathBytesBase64"": ""c3JjL2NsYW1wLnRz"", ""path"": ""src/clamp.ts"", ""mode"": ""100644"", ""kind"": ""blob"", ""oid"": ""5c4cb45c09ef842e5dc32c3fca523f274a4767d5""}, ""new"": {""pathBytesBase64"": ""c3JjL2NsYW1wLnRz"", ""path"": ""src/clamp.ts"", ""mode"": ""100644"", ""kind"": ""blob"", ""oid"": ""d21394ab499dbb3bf1e189d35445bf6c1beb3d92""}}], ""gate"": {""outcome"": ""FAIL"", ""code"": ""PATH_UNSAFE""}, ""verify"": {""outcome"": ""FAIL"", ""code"": ""PATH_UNSAFE""}}",NEEDS_PROFILE_AND_LAYER_ADAPTER; NOT_DIRECT_PRODUCTION_INPUT,"[""Branch lacks required task/nonce form"", ""Format1 commands use reference npm registry"", ""Policy/attestation/inventory schemas require explicit translation"", ""Repo contains no production manifest/policy/taskindex; local layer only""]"
142-symlink,symlink,"{""changes"": [{""pathBytesBase64"": ""c3JjL2NsYW1wLnRz"", ""path"": ""src/clamp.ts"", ""types"": [""MODIFY""], ""old"": {""pathBytesBase64"": ""c3JjL2NsYW1wLnRz"", ""path"": ""src/clamp.ts"", ""mode"": ""100644"", ""kind"": ""blob"", ""oid"": ""5c4cb45c09ef842e5dc32c3fca523f274a4767d5""}, ""new"": {""pathBytesBase64"": ""c3JjL2NsYW1wLnRz"", ""path"": ""src/clamp.ts"", ""mode"": ""100644"", ""kind"": ""blob"", ""oid"": ""d21394ab499dbb3bf1e189d35445bf6c1beb3d92""}}, {""pathBytesBase64"": ""c3JjL2xpbms="", ""path"": ""src/link"", ""types"": [""ADD""], ""old"": null, ""new"": {""pathBytesBase64"": ""c3JjL2xpbms="", ""path"": ""src/link"", ""mode"": ""120000"", ""kind"": ""blob"", ""oid"": ""60c6ad35c6c625db901122de12cf2d256cc09628""}}], ""gate"": {""outcome"": ""FAIL"", ""code"": ""PATH_UNSAFE""}, ""verify"": {""outcome"": ""FAIL"", ""code"": ""PATH_UNSAFE""}}",NEEDS_PROFILE_AND_LAYER_ADAPTER; NOT_DIRECT_PRODUCTION_INPUT,"[""Branch lacks required task/nonce form"", ""Format1 commands use reference npm registry"", ""Policy/attestation/inventory schemas require explicit translation"", ""Repo contains no production manifest/policy/taskindex; local layer only""]"
143-gitlink,gitlink,"{""changes"": [{""pathBytesBase64"": ""c3JjL2NsYW1wLnRz"", ""path"": ""src/clamp.ts"", ""types"": [""MODIFY""], ""old"": {""pathBytesBase64"": ""c3JjL2NsYW1wLnRz"", ""path"": ""src/clamp.ts"", ""mode"": ""100644"", ""kind"": ""blob"", ""oid"": ""5c4cb45c09ef842e5dc32c3fca523f274a4767d5""}, ""new"": {""pathBytesBase64"": ""c3JjL2NsYW1wLnRz"", ""path"": ""src/clamp.ts"", ""mode"": ""100644"", ""kind"": ""blob"", ""oid"": ""d21394ab499dbb3bf1e189d35445bf6c1beb3d92""}}, {""pathBytesBase64"": ""c3JjL2xpbms="", ""path"": ""src/link"", ""types"": [""ADD""], ""old"": null, ""new"": {""pathBytesBase64"": ""c3JjL2xpbms="", ""path"": ""src/link"", ""mode"": ""160000"", ""kind"": ""commit"", ""oid"": ""51e961d04c1babd9ee64d72f5b7364c31d30ab28""}}], ""gate"": {""outcome"": ""FAIL"", ""code"": ""PATH_UNSAFE""}, ""verify"": {""outcome"": ""FAIL"", ""code"": ""PATH_UNSAFE""}}",NEEDS_PROFILE_AND_LAYER_ADAPTER; NOT_DIRECT_PRODUCTION_INPUT,"[""Branch lacks required task/nonce form"", ""Format1 commands use reference npm registry"", ""Policy/attestation/inventory schemas require explicit translation"", ""Repo contains no production manifest/policy/taskindex; local layer only""]"
144-unknown-mode,unknown-mode,"{""changes"": [{""pathBytesBase64"": ""c3JjL2NsYW1wLnRz"", ""path"": ""src/clamp.ts"", ""types"": [""MODIFY""], ""old"": {""pathBytesBase64"": ""c3JjL2NsYW1wLnRz"", ""path"": ""src/clamp.ts"", ""mode"": ""100644"", ""kind"": ""blob"", ""oid"": ""5c4cb45c09ef842e5dc32c3fca523f274a4767d5""}, ""new"": {""pathBytesBase64"": ""c3JjL2NsYW1wLnRz"", ""path"": ""src/clamp.ts"", ""mode"": ""100644"", ""kind"": ""blob"", ""oid"": ""d21394ab499dbb3bf1e189d35445bf6c1beb3d92""}}, {""pathBytesBase64"": ""c3JjL2xpbms="", ""path"": ""src/link"", ""types"": [""ADD""], ""old"": null, ""new"": {""pathBytesBase64"": ""c3JjL2xpbms="", ""path"": ""src/link"", ""mode"": ""100600"", ""kind"": ""blob"", ""oid"": ""c1b0730e0133447badcfd47fd144e254807b06e1""}}], ""gate"": {""outcome"": ""FAIL"", ""code"": ""PATH_UNSAFE""}, ""verify"": {""outcome"": ""FAIL"", ""code"": ""PATH_UNSAFE""}}",NEEDS_PROFILE_AND_LAYER_ADAPTER; NOT_DIRECT_PRODUCTION_INPUT,"[""Branch lacks required task/nonce form"", ""Format1 commands use reference npm registry"", ""Policy/attestation/inventory schemas require explicit translation"", ""Repo contains no production manifest/policy/taskindex; local layer only""]"
145-binary,binary,"{""changes"": [{""pathBytesBase64"": ""ZGF0YS5iaW4="", ""path"": ""data.bin"", ""types"": [""ADD""], ""old"": null, ""new"": {""pathBytesBase64"": ""ZGF0YS5iaW4="", ""path"": ""data.bin"", ""mode"": ""100644"", ""kind"": ""blob"", ""oid"": ""ba01f6b05bdbb386b35f4d086e268c5d422cafb9""}}, {""pathBytesBase64"": ""c3JjL2NsYW1wLnRz"", ""path"": ""src/clamp.ts"", ""types"": [""MODIFY""], ""old"": {""pathBytesBase64"": ""c3JjL2NsYW1wLnRz"", ""path"": ""src/clamp.ts"", ""mode"": ""100644"", ""kind"": ""blob"", ""oid"": ""5c4cb45c09ef842e5dc32c3fca523f274a4767d5""}, ""new"": {""pathBytesBase64"": ""c3JjL2NsYW1wLnRz"", ""path"": ""src/clamp.ts"", ""mode"": ""100644"", ""kind"": ""blob"", ""oid"": ""d21394ab499dbb3bf1e189d35445bf6c1beb3d92""}}], ""gate"": {""outcome"": ""FAIL"", ""code"": ""SCOPE_VIOLATION""}, ""verify"": {""outcome"": ""FAIL"", ""code"": ""SCOPE_VIOLATION""}}",NEEDS_PROFILE_AND_LAYER_ADAPTER; NOT_DIRECT_PRODUCTION_INPUT,"[""Branch lacks required task/nonce form"", ""Format1 commands use reference npm registry"", ""Policy/attestation/inventory schemas require explicit translation"", ""Repo contains no production manifest/policy/taskindex; local layer only""]"
146-empty,empty,"{""changes"": [{""pathBytesBase64"": ""ZGF0YS5iaW4="", ""path"": ""data.bin"", ""types"": [""ADD""], ""old"": null, ""new"": {""pathBytesBase64"": ""ZGF0YS5iaW4="", ""path"": ""data.bin"", ""mode"": ""100644"", ""kind"": ""blob"", ""oid"": ""e69de29bb2d1d6434b8b29ae775ad8c2e48c5391""}}, {""pathBytesBase64"": ""c3JjL2NsYW1wLnRz"", ""path"": ""src/clamp.ts"", ""types"": [""MODIFY""], ""old"": {""pathBytesBase64"": ""c3JjL2NsYW1wLnRz"", ""path"": ""src/clamp.ts"", ""mode"": ""100644"", ""kind"": ""blob"", ""oid"": ""5c4cb45c09ef842e5dc32c3fca523f274a4767d5""}, ""new"": {""pathBytesBase64"": ""c3JjL2NsYW1wLnRz"", ""path"": ""src/clamp.ts"", ""mode"": ""100644"", ""kind"": ""blob"", ""oid"": ""d21394ab499dbb3bf1e189d35445bf6c1beb3d92""}}], ""gate"": {""outcome"": ""FAIL"", ""code"": ""SCOPE_VIOLATION""}, ""verify"": {""outcome"": ""FAIL"", ""code"": ""SCOPE_VIOLATION""}}",NEEDS_PROFILE_AND_LAYER_ADAPTER; NOT_DIRECT_PRODUCTION_INPUT,"[""Branch lacks required task/nonce form"", ""Format1 commands use reference npm registry"", ""Policy/attestation/inventory schemas require explicit translation"", ""Repo contains no production manifest/policy/taskindex; local layer only""]"
147-rename,rename,"{""changes"": [{""pathBytesBase64"": ""c3JjL2NsYW1wLnRz"", ""path"": ""src/clamp.ts"", ""types"": [""DELETE""], ""old"": {""pathBytesBase64"": ""c3JjL2NsYW1wLnRz"", ""path"": ""src/clamp.ts"", ""mode"": ""100644"", ""kind"": ""blob"", ""oid"": ""5c4cb45c09ef842e5dc32c3fca523f274a4767d5""}, ""new"": null}, {""pathBytesBase64"": ""c3JjL25ldy50cw=="", ""path"": ""src/new.ts"", ""types"": [""ADD""], ""old"": null, ""new"": {""pathBytesBase64"": ""c3JjL25ldy50cw=="", ""path"": ""src/new.ts"", ""mode"": ""100644"", ""kind"": ""blob"", ""oid"": ""d21394ab499dbb3bf1e189d35445bf6c1beb3d92""}}], ""gate"": {""outcome"": ""FAIL"", ""code"": ""SCOPE_VIOLATION""}, ""verify"": {""outcome"": ""FAIL"", ""code"": ""SCOPE_VIOLATION""}}",NEEDS_PROFILE_AND_LAYER_ADAPTER; NOT_DIRECT_PRODUCTION_INPUT,"[""Branch lacks required task/nonce form"", ""Format1 commands use reference npm registry"", ""Policy/attestation/inventory schemas require explicit translation"", ""Repo contains no production manifest/policy/taskindex; local layer only""]"
148-case-rename,case-rename,"{""changes"": [{""pathBytesBase64"": ""c3JjL0NsYW1wLnRz"", ""path"": ""src/Clamp.ts"", ""types"": [""ADD""], ""old"": null, ""new"": {""pathBytesBase64"": ""c3JjL0NsYW1wLnRz"", ""path"": ""src/Clamp.ts"", ""mode"": ""100644"", ""kind"": ""blob"", ""oid"": ""d21394ab499dbb3bf1e189d35445bf6c1beb3d92""}}, {""pathBytesBase64"": ""c3JjL2NsYW1wLnRz"", ""path"": ""src/clamp.ts"", ""types"": [""DELETE""], ""old"": {""pathBytesBase64"": ""c3JjL2NsYW1wLnRz"", ""path"": ""src/clamp.ts"", ""mode"": ""100644"", ""kind"": ""blob"", ""oid"": ""5c4cb45c09ef842e5dc32c3fca523f274a4767d5""}, ""new"": null}], ""gate"": {""outcome"": ""FAIL"", ""code"": ""SCOPE_VIOLATION""}, ""verify"": {""outcome"": ""FAIL"", ""code"": ""SCOPE_VIOLATION""}}",NEEDS_PROFILE_AND_LAYER_ADAPTER; NOT_DIRECT_PRODUCTION_INPUT,"[""Branch lacks required task/nonce form"", ""Format1 commands use reference npm registry"", ""Policy/attestation/inventory schemas require explicit translation"", ""Repo contains no production manifest/policy/taskindex; local layer only""]"
149-mode-only,mode-only,"{""changes"": [{""pathBytesBase64"": ""c3JjL2NsYW1wLnRz"", ""path"": ""src/clamp.ts"", ""types"": [""MODE_CHANGE""], ""old"": {""pathBytesBase64"": ""c3JjL2NsYW1wLnRz"", ""path"": ""src/clamp.ts"", ""mode"": ""100644"", ""kind"": ""blob"", ""oid"": ""5c4cb45c09ef842e5dc32c3fca523f274a4767d5""}, ""new"": {""pathBytesBase64"": ""c3JjL2NsYW1wLnRz"", ""path"": ""src/clamp.ts"", ""mode"": ""100755"", ""kind"": ""blob"", ""oid"": ""5c4cb45c09ef842e5dc32c3fca523f274a4767d5""}}], ""gate"": {""outcome"": ""FAIL"", ""code"": ""SCOPE_VIOLATION""}, ""verify"": {""outcome"": ""FAIL"", ""code"": ""SCOPE_VIOLATION""}}",NEEDS_PROFILE_AND_LAYER_ADAPTER; NOT_DIRECT_PRODUCTION_INPUT,"[""Branch lacks required task/nonce form"", ""Format1 commands use reference npm registry"", ""Policy/attestation/inventory schemas require explicit translation"", ""Repo contains no production manifest/policy/taskindex; local layer only""]"
